RDF Type,Class type,Parent IRI,ID,Label,See Also,Editors Note
TYPE,CLASS_TYPE,CI,ID,A rds:label,AI rdfs:seeAlso,A IAO:0000116
owl:DatatypeProperty,,,VO:00587,abbreviation,http://vivoweb.org/ontology/core#abbreviation,
owl:Class,subclass,BFO:0000130,VO:00216,Abstract,http://vivoweb.org/ontology/core#Abstract,
owl:Class,subclass,BFO:0000071,VO:00157,Academic Article,http://purl.org/ontology/bibo/AcademicArticle,
owl:Class,subclass,BFO:0000131,VO:00217,Academic Degree,http://vivoweb.org/ontology/core#AcademicDegree,
owl:Class,subclass,BFO:0000132,VO:00218,Academic Department,http://vivoweb.org/ontology/core#AcademicDepartment,
owl:Class,subclass,BFO:0000133,VO:00219,Academic Term,http://vivoweb.org/ontology/core#AcademicTerm,
owl:Class,subclass,BFO:0000134,VO:00220,Academic Year,http://vivoweb.org/ontology/core#AcademicYear,
owl:Class,subclass,BFO:0000277,VO:00373,Address,http://www.w3.org/2006/vcard/ns#Address,
owl:ObjectProperty,,,VO:00730,adjacent to,http://purl.obolibrary.org/obo/RO_0002220,
owl:Class,subclass,BFO:0000135,VO:00221,Administrator Role,http://vivoweb.org/ontology/core#AdministratorRole,
owl:Class,subclass,BFO:0000136,VO:00222,Advisee Role,http://vivoweb.org/ontology/core#AdviseeRole,
owl:Class,subclass,BFO:0000137,VO:00223,Advising Process,http://vivoweb.org/ontology/core#AdvisingProcess,
owl:Class,subclass,BFO:0000139,VO:00225,Advisor Role,http://vivoweb.org/ontology/core#AdvisorRole,
owl:ObjectProperty,,,VO:00739,affirmed by,http://purl.org/ontology/bibo/affirmedBy,
owl:Class,subclass,BFO:0000283,VO:00449,Agent,http://xmlns.com/foaf/0.1/Agent,
owl:AnnotationProperty,,,VO:00013,alternative name for term,http://purl.obolibrary.org/obo/IAO_0000118,
owl:DatatypeProperty,,,VO:00556,Amazon Standard Identification Number (ASIN),http://purl.org/ontology/bibo/asin,
owl:Class,subclass,BFO:0000072,VO:00158,Article,http://purl.org/ontology/bibo/Article,
owl:Class,subclass,BFO:0000140,VO:00226,Association,http://vivoweb.org/ontology/core#Association,
owl:Class,subclass,BFO:0000141,VO:00227,Attendee Role,http://vivoweb.org/ontology/core#AttendeeRole,
owl:Class,subclass,BFO:0000142,VO:00228,Attending Process,http://vivoweb.org/ontology/core#AttendingProcess,
owl:Class,subclass,BFO:0000073,VO:00159,Audio Document,http://purl.org/ontology/bibo/AudioDocument,
owl:Class,subclass,BFO:0000143,VO:00229,Authorship,http://vivoweb.org/ontology/core#Authorship,
owl:Class,subclass,BFO:0000144,VO:00230,Award or Honor,http://vivoweb.org/ontology/core#Award,
owl:Class,subclass,BFO:0000146,VO:00232,Awarded Degree,http://vivoweb.org/ontology/core#AwardedDegree,
owl:ObjectProperty,,,VO:00722,bearer of,http://purl.obolibrary.org/obo/RO_0000053,
owl:Class,subclass,BFO:0000125,VO:00211,Bibliographic Information Source,http://purl.org/spar/c4o/BibliographicInformationSource,
owl:Class,subclass,BFO:0000075,VO:00161,Bill,http://purl.org/ontology/bibo/Bill,
owl:Class,subclass,BFO:0000147,VO:00233,Blog,http://vivoweb.org/ontology/core#Blog,
owl:Class,subclass,BFO:0000148,VO:00234,Blog Posting,http://vivoweb.org/ontology/core#BlogPosting,
owl:Class,subclass,BFO:0000076,VO:00162,Book,http://purl.org/ontology/bibo/Book,
owl:Class,subclass,BFO:0000077,VO:00163,Book Section,http://purl.org/ontology/bibo/BookSection,
owl:Class,subclass,BFO:0000078,VO:00164,Brief,http://purl.org/ontology/bibo/Brief,
owl:ObjectProperty,,,VO:00843,broader concept,http://www.w3.org/2004/02/skos/core#broader,
owl:Class,subclass,BFO:0000149,VO:00235,Building,http://vivoweb.org/ontology/core#Building,
owl:Class,subclass,BFO:0000278,VO:00376,Calendar,http://www.w3.org/2006/vcard/ns#Calendar,
owl:Class,subclass,BFO:0000150,VO:00236,Campus,http://vivoweb.org/ontology/core#Campus,
owl:Class,subclass,BFO:0000151,VO:00237,Case Study,http://vivoweb.org/ontology/core#CaseStudy,
owl:Class,subclass,BFO:0000152,VO:00238,Catalog,http://vivoweb.org/ontology/core#Catalog,
owl:Class,subclass,BFO:0000153,VO:00239,Center,http://vivoweb.org/ontology/core#Center,
owl:Class,subclass,BFO:0000154,VO:00240,Certificate,http://vivoweb.org/ontology/core#Certificate,
owl:Class,subclass,BFO:0000079,VO:00165,Chapter,http://purl.org/ontology/bibo/Chapter,
owl:AnnotationProperty,,,VO:00014,citation,http://purl.obolibrary.org/obo/IAO_0000119,
owl:ObjectProperty,,,VO:00741,cited by,http://purl.org/ontology/bibo/citedBy,
owl:ObjectProperty,,,VO:00742,cites,http://purl.org/ontology/bibo/cites,
owl:Class,subclass,BFO:0000127,VO:00213,Clinical Guideline,http://purl.org/spar/fabio/ClinicalGuideline,
owl:Class,subclass,BFO:0000156,VO:00242,Clinical Organization,http://vivoweb.org/ontology/core#ClinicalOrganization,
owl:Class,subclass,BFO:0000157,VO:00243,Clinical Role,http://vivoweb.org/ontology/core#ClinicalRole,
owl:Class,subclass,BFO:0000046,VO:00083,Clinical Trial,http://purl.obolibrary.org/obo/ERO_0000016,
owl:Class,subclass,BFO:0000158,VO:00244,Co-Principal Investigator Role,http://vivoweb.org/ontology/core#CoPrincipalInvestigatorRole,
owl:Class,subclass,BFO:0000081,VO:00167,Collected Document,http://purl.org/ontology/bibo/CollectedDocument,
owl:Class,subclass,BFO:0000082,VO:00168,Collection,http://purl.org/ontology/bibo/Collection,
owl:Class,subclass,BFO:0000159,VO:00245,College,http://vivoweb.org/ontology/core#College,
owl:Class,subclass,BFO:0000128,VO:00214,Comment,http://purl.org/spar/fabio/Comment,
owl:Class,subclass,BFO:0000160,VO:00246,Committee,http://vivoweb.org/ontology/core#Committee,
owl:Class,subclass,BFO:0000161,VO:00247,Company,http://vivoweb.org/ontology/core#Company,
owl:Class,subclass,BFO:0000162,VO:00248,Competition,http://vivoweb.org/ontology/core#Competition,
owl:Class,subclass,BFO:0000276,VO:00371,Concept,http://www.w3.org/2004/02/skos/core#Concept,
owl:Class,subclass,BFO:0000083,VO:00169,Conference,http://purl.org/ontology/bibo/Conference,
owl:Class,subclass,BFO:0000163,VO:00249,Conference Paper,http://vivoweb.org/ontology/core#ConferencePaper,
owl:Class,subclass,BFO:0000164,VO:00250,Conference Poster,http://vivoweb.org/ontology/core#ConferencePoster,
owl:Class,subclass,BFO:0000165,VO:00251,Conference Series,http://vivoweb.org/ontology/core#ConferenceSeries,
owl:Class,subclass,BFO:0000166,VO:00252,Consortium,http://vivoweb.org/ontology/core#Consortium,
owl:ObjectProperty,,,VO:00727,contained in,http://purl.obolibrary.org/obo/RO_0001018,
owl:ObjectProperty,,,VO:00728,contains,http://purl.obolibrary.org/obo/RO_0001019,
owl:Class,subclass,BFO:0000167,VO:00253,Continent,http://vivoweb.org/ontology/core#Continent,
owl:Class,subclass, ,VO:00058,Continuant,http://purl.obolibrary.org/obo/BFO_0000002,
owl:Class,subclass,BFO:0000168,VO:00254,Contract,http://vivoweb.org/ontology/core#Contract,
owl:ObjectProperty,,,VO:00738,contributor,http://purl.org/dc/terms/contributor,
owl:ObjectProperty,,,VO:00773,contributor,http://vivoweb.org/ontology/core#contributingRole,
owl:Class,subclass,BFO:0000170,VO:00256,Country,http://vivoweb.org/ontology/core#Country,
owl:Class,subclass,BFO:0000171,VO:00257,County,http://vivoweb.org/ontology/core#County,
owl:Class,subclass,BFO:0000172,VO:00258,Course,http://vivoweb.org/ontology/core#Course,
owl:Class,subclass,BFO:0000084,VO:00170,Court Reporter,http://purl.org/ontology/bibo/CourtReporter,
owl:Class,subclass,BFO:0000173,VO:00259,Credential,http://vivoweb.org/ontology/core#Credential,
owl:AnnotationProperty,,,VO:00009,curation status,http://purl.obolibrary.org/obo/IAO_0000114,
owl:Class,subclass,BFO:0000175,VO:00261,Dataset,http://vivoweb.org/ontology/core#Dataset,
owl:DatatypeProperty,,,VO:00591,date/time,http://vivoweb.org/ontology/core#dateTime,
owl:Class,subclass,BFO:0000176,VO:00262,Date/Time Interval,http://vivoweb.org/ontology/core#DateTimeInterval,
owl:ObjectProperty,,,VO:00776,has date/time interval,http://vivoweb.org/ontology/core#dateTimeInterval,
owl:ObjectProperty,,,VO:00777,has date/time precision,http://vivoweb.org/ontology/core#dateTimePrecision,
owl:Class,subclass,BFO:0000177,VO:00263,Date/Time Value,http://vivoweb.org/ontology/core#DateTimeValue,
owl:ObjectProperty,,,VO:00778,has date/time value,http://vivoweb.org/ontology/core#dateTimeValue,
owl:Class,subclass,BFO:0000178,VO:00264,Date/Time Value Precision,http://vivoweb.org/ontology/core#DateTimeValuePrecision,
owl:Class,subclass,BFO:0000097,VO:00183,Decision,http://purl.org/ontology/bibo/LegalDecision,
owl:AnnotationProperty,,,VO:00010,definition,http://purl.obolibrary.org/obo/IAO_0000115,
owl:ObjectProperty,,,VO:00779,degree candidacy,http://vivoweb.org/ontology/core#degreeCandidacy,
owl:Class,subclass,BFO:0000179,VO:00265,Department,http://vivoweb.org/ontology/core#Department,
owl:ObjectProperty,,,VO:00725,derives from,http://purl.obolibrary.org/obo/RO_0001000,
owl:DatatypeProperty,,,VO:00593,description,http://vivoweb.org/ontology/core#description,
owl:DatatypeProperty,,,VO:00559,Digital Object Identifier (DOI),http://purl.org/ontology/bibo/doi,
owl:DatatypeProperty,,,VO:00597,direct costs,http://vivoweb.org/ontology/core#grantDirectCosts,
owl:ObjectProperty,,,VO:00745,film director,http://purl.org/ontology/bibo/director,
owl:Class,subclass, ,VO:00064,Disposition,http://purl.obolibrary.org/obo/BFO_0000016,
owl:ObjectProperty,,,VO:00780,distributes,http://vivoweb.org/ontology/core#distributes,
owl:ObjectProperty,,,VO:00781,distributes funding from,http://vivoweb.org/ontology/core#distributesFundingFrom,
owl:ObjectProperty,,,VO:00746,distributor,http://purl.org/ontology/bibo/distributor,
owl:Class,subclass,BFO:0000180,VO:00266,Division,http://vivoweb.org/ontology/core#Division,
owl:Class,subclass,BFO:0000085,VO:00171,Document,http://purl.org/ontology/bibo/Document,
owl:Class,subclass,BFO:0000086,VO:00172,Document Part,http://purl.org/ontology/bibo/DocumentPart,
owl:Class,subclass,BFO:0000087,VO:00173,Document Status,http://purl.org/ontology/bibo/DocumentStatus,
owl:DatatypeProperty,,,VO:00560,EAN International-Uniform Code Council (EAN-UCC) 13,http://purl.org/ontology/bibo/eanucc13,
owl:Class,subclass,BFO:0000088,VO:00174,Edited Book,http://purl.org/ontology/bibo/EditedBook,
owl:DatatypeProperty,,,VO:00561,edition,http://purl.org/ontology/bibo/edition,
owl:Class,subclass,BFO:0000181,VO:00267,Editor Role,http://vivoweb.org/ontology/core#EditorRole,
owl:AnnotationProperty,,,VO:00011,editor's administrative note,http://purl.obolibrary.org/obo/IAO_0000116,
owl:Class,subclass,BFO:0000182,VO:00268,Editorial Article,http://vivoweb.org/ontology/core#EditorialArticle,
owl:Class,subclass,BFO:0000184,VO:00270,Educational Process,http://vivoweb.org/ontology/core#EducationalProcess,
owl:Class,subclass,BFO:0000049,VO:00087,Educator Role,http://purl.obolibrary.org/obo/ERO_0000225,
owl:DatatypeProperty,,,VO:00562,Electronic International Standard Serial Number (EISSN),http://purl.org/ontology/bibo/eissn,
owl:Class,subclass,BFO:0000055,VO:00105,Employee Role,http://purl.obolibrary.org/obo/ERO_0000787,
owl:ObjectProperty,,,VO:00783,end,http://vivoweb.org/ontology/core#end,
owl:DatatypeProperty,,,VO:00574,end page,http://purl.org/ontology/bibo/pageEnd,
owl:Class,subclass,,VO:00057,Entity,http://purl.obolibrary.org/obo/BFO_0000001,
owl:Class,subclass,BFO:0000188,VO:00274,Equipment,http://vivoweb.org/ontology/core#Equipment,
owl:DatatypeProperty,,,VO:00594,eRA Commons ID,http://vivoweb.org/ontology/core#eRACommonsId,
owl:Class,subclass,BFO:0000129,VO:00215,Erratum,http://purl.org/spar/fabio/Erratum,
owl:Class,subclass,BFO:0000070,VO:00148,Event,http://purl.org/NET/c4dm/event.owl#Event,
owl:Class,subclass,BFO:0000189,VO:00275,Event Series,http://vivoweb.org/ontology/core#EventSeries,
owl:AnnotationProperty,,,VO:00008,example of usage,http://purl.obolibrary.org/obo/IAO_0000112,
owl:Class,subclass,BFO:0000089,VO:00175,Excerpt,http://purl.org/ontology/bibo/Excerpt,
owl:Class,subclass,BFO:0000190,VO:00276,Exhibit,http://vivoweb.org/ontology/core#Exhibit,
owl:Class,subclass,BFO:0000191,VO:00277,Extension Unit,http://vivoweb.org/ontology/core#ExtensionUnit,
owl:Class,subclass,BFO:0000192,VO:00278,F1000 Link,http://vivoweb.org/ontology/core#F1000Link,
owl:Class,subclass,BFO:0000193,VO:00279,Facility,http://vivoweb.org/ontology/core#Facility,
owl:ObjectProperty,,,VO:00786,facility for,http://vivoweb.org/ontology/core#facilityFor,
owl:Class,subclass,BFO:0000194,VO:00280,Faculty Administrative Role,http://vivoweb.org/ontology/core#FacultyAdministrativePosition,
owl:Class,subclass,BFO:0000195,VO:00281,Faculty Member,http://vivoweb.org/ontology/core#FacultyMember,
owl:Class,subclass,BFO:0000185,VO:00271,Faculty Member Emeritus,http://vivoweb.org/ontology/core#EmeritusFaculty,
owl:Class,subclass,BFO:0000196,VO:00282,Faculty Mentoring Relationship,http://vivoweb.org/ontology/core#FacultyMentoringRelationship,
owl:Class,subclass,BFO:0000056,VO:00106,Faculty Role,http://purl.obolibrary.org/obo/ERO_0000788,
owl:ObjectProperty,,,VO:00787,featured in,http://vivoweb.org/ontology/core#featuredIn,
owl:ObjectProperty,,,VO:00788,features,http://vivoweb.org/ontology/core#features,
owl:Class,subclass,BFO:0000090,VO:00176,Film,http://purl.org/ontology/bibo/Film,
owl:Class,subclass,BFO:0000198,VO:00284,Foundation,http://vivoweb.org/ontology/core#Foundation,
owl:Class,subclass, ,VO:00071,Function,http://purl.obolibrary.org/obo/BFO_0000034,
owl:Class,subclass,BFO:0000199,VO:00285,Funding Organization,http://vivoweb.org/ontology/core#FundingOrganization,
owl:Class,subclass,BFO:0000048,VO:00086,Funding Role,http://purl.obolibrary.org/obo/ERO_0000224,
owl:Class,subclass, ,VO:00070,Generically Dependent Continuant,http://purl.obolibrary.org/obo/BFO_0000031,
owl:ObjectProperty,,,VO:00790,geographic focus,http://vivoweb.org/ontology/core#geographicFocus,
owl:ObjectProperty,,,VO:00791,geographic focus of,http://vivoweb.org/ontology/core#geographicFocusOf,
owl:Class,subclass,BFO:0000200,VO:00286,Geographic Location,http://vivoweb.org/ontology/core#GeographicLocation,
owl:Class,subclass,BFO:0000201,VO:00287,Geographic Region,http://vivoweb.org/ontology/core#GeographicRegion,
owl:Class,subclass,BFO:0000202,VO:00288,Geopolitical Entity,http://vivoweb.org/ontology/core#GeopoliticalEntity,
owl:Class,subclass,BFO:0000126,VO:00212,Global Citation Count,http://purl.org/spar/c4o/GlobalCitationCount,
owl:DatatypeProperty,,,VO:00563,Global Trade Item Number (GTIN-14),http://purl.org/ontology/bibo/gtin14,
owl:Class,subclass,BFO:0000203,VO:00289,Government Agency,http://vivoweb.org/ontology/core#GovernmentAgency,
owl:Class,subclass,BFO:0000204,VO:00290,Graduate Advising Relationship,http://vivoweb.org/ontology/core#GraduateAdvisingRelationship,
owl:Class,subclass,BFO:0000053,VO:00103,Graduate Student Role,http://purl.obolibrary.org/obo/ERO_0000785,
owl:Class,subclass,BFO:0000206,VO:00292,Grant,http://vivoweb.org/ontology/core#Grant,
owl:Class,subclass,BFO:0000284,VO:00450,Group,http://xmlns.com/foaf/0.1/Group,
owl:ObjectProperty,,,VO:00766,has affiliated organization,http://vivoweb.org/ontology/core#affiliatedOrganization,
owl:ObjectProperty,,,VO:00795,has collaborator,http://vivoweb.org/ontology/core#hasCollaborator,
owl:ObjectProperty,,,VO:00683,has contact agent,http://purl.obolibrary.org/obo/ARG_2000399,
owl:ObjectProperty,,,VO:00679,has contact info,http://purl.obolibrary.org/obo/ARG_2000028,
owl:ObjectProperty,,,VO:00682,has context,http://purl.obolibrary.org/obo/ARG_2000391,
owl:ObjectProperty,,,VO:00796,has equipment,http://vivoweb.org/ontology/core#hasEquipment,
owl:ObjectProperty,,,VO:00797,has facility,http://vivoweb.org/ontology/core#hasFacility,
owl:ObjectProperty,,,VO:00762,has global citation frequency,http://purl.org/spar/c4o/hasGlobalCitationFrequency,
owl:ObjectProperty,,,VO:00763,has global count source,http://purl.org/spar/c4o/hasGlobalCountSource,
owl:ObjectProperty,,,VO:00731,has input,http://purl.obolibrary.org/obo/RO_0002233,
owl:ObjectProperty,,,VO:00734,has member,http://purl.obolibrary.org/obo/RO_0002351,
owl:ObjectProperty,,,VO:00732,has output,http://purl.obolibrary.org/obo/RO_0002234,
owl:ObjectProperty,,,VO:00685,has part,http://purl.obolibrary.org/obo/BFO_0000051,
owl:ObjectProperty,,,VO:00724,has participant,http://purl.obolibrary.org/obo/RO_0000057,
owl:ObjectProperty,,,VO:00801,has prerequisite,http://vivoweb.org/ontology/core#hasPrerequisite,
owl:ObjectProperty,,,VO:00714,has specified input,http://purl.obolibrary.org/obo/OBI_0000293,
owl:ObjectProperty,,,VO:00715,has specified output,http://purl.obolibrary.org/obo/OBI_0000299,
owl:ObjectProperty,,,VO:00805,has subject area,http://vivoweb.org/ontology/core#hasSubjectArea,
owl:ObjectProperty,,,VO:00807,has translation,http://vivoweb.org/ontology/core#hasTranslation,
owl:DatatypeProperty,,,VO:00599,has value,http://vivoweb.org/ontology/core#hasValue,
owl:Class,subclass,BFO:0000091,VO:00177,Hearing,http://purl.org/ontology/bibo/Hearing,
owl:Class,subclass,BFO:0000054,VO:00104,High School Student Role,http://purl.obolibrary.org/obo/ERO_0000786,
owl:Class,subclass,BFO:0000207,VO:00293,Hospital,http://vivoweb.org/ontology/core#Hospital,
owl:DatatypeProperty,,,VO:00601,HR job title,http://vivoweb.org/ontology/core#hrJobTitle,
owl:AnnotationProperty,,,VO:00007,human friendly name,http://purl.obolibrary.org/obo/IAO_0000111,
owl:Class,subclass,BFO:0000045,VO:00082,Human Study,http://purl.obolibrary.org/obo/ERO_0000015,
owl:DatatypeProperty,,,VO:00603,identifier,http://vivoweb.org/ontology/core#identifier,
owl:Class,subclass,BFO:0000092,VO:00178,Image,http://purl.org/ontology/bibo/Image,
owl:Class,subclass, ,VO:00074,Immaterial Entity,http://purl.obolibrary.org/obo/BFO_0000141,
owl:Class,subclass, ,VO:00060,Independent Continuant,http://purl.obolibrary.org/obo/BFO_0000004,
owl:Class,subclass,BFO:0000062,VO:00128,Information Content Entity,http://purl.obolibrary.org/obo/IAO_0000030,
owl:ObjectProperty,,,VO:00721,inheres in,http://purl.obolibrary.org/obo/RO_0000052,
owl:Class,subclass,BFO:0000208,VO:00294,Institute,http://vivoweb.org/ontology/core#Institute,
owl:DatatypeProperty,,,VO:00602,International Classification (ICL) code,http://vivoweb.org/ontology/core#iclCode,
owl:DatatypeProperty,,,VO:00565,International Standard Book Number (ISBN) 10,http://purl.org/ontology/bibo/isbn10,
owl:DatatypeProperty,,,VO:00566,International Standard Book Number (ISBN) 13,http://purl.org/ontology/bibo/isbn13,
owl:Class,subclass,BFO:0000209,VO:00295,Internship,http://vivoweb.org/ontology/core#Internship,
owl:Class,subclass,BFO:0000093,VO:00179,Interview,http://purl.org/ontology/bibo/Interview,
owl:ObjectProperty,,,VO:00747,interviewee,http://purl.org/ontology/bibo/interviewee,
owl:ObjectProperty,,,VO:00748,interviewer,http://purl.org/ontology/bibo/interviewer,
owl:Class,subclass,BFO:0000210,VO:00296,Investigator Role,http://vivoweb.org/ontology/core#InvestigatorRole,
owl:Class,subclass,BFO:0000211,VO:00297,Invited Talk,http://vivoweb.org/ontology/core#InvitedTalk,
owl:ObjectProperty,,,VO:00710,is about,http://purl.obolibrary.org/obo/IAO_0000136,
owl:ObjectProperty,,,VO:00765,is cited as data source by,http://purl.org/spar/cito/isCitedAsDataSourceBy,
owl:ObjectProperty,,,VO:00676,is predecessor of,http://aims.fao.org/aos/geopolitical.owl#isPredecessorOf,
owl:ObjectProperty,,,VO:00713,is quality measured as,http://purl.obolibrary.org/obo/IAO_0000417,
owl:ObjectProperty,,,VO:00712,is quality measurement of,http://purl.obolibrary.org/obo/IAO_0000221,
owl:ObjectProperty,,,VO:00717,is specified output of,http://purl.obolibrary.org/obo/OBI_0000312,
owl:ObjectProperty,,,VO:00677,is successor of,http://aims.fao.org/aos/geopolitical.owl#isSuccessorOf,
owl:DatatypeProperty,,,VO:00604,Is this person a corresponding author?,http://vivoweb.org/ontology/core#isCorrespondingAuthor,
owl:DatatypeProperty,,,VO:00619,ISI Researcher ID,http://vivoweb.org/ontology/core#researcherId,
owl:Class,subclass,BFO:0000094,VO:00180,Issue,http://purl.org/ontology/bibo/Issue,
owl:Class,subclass,BFO:0000212,VO:00298,Issued Credential,http://vivoweb.org/ontology/core#IssuedCredential,
owl:ObjectProperty,,,VO:00749,issuer,http://purl.org/ontology/bibo/issuer,
owl:Class,subclass,BFO:0000095,VO:00181,Journal,http://purl.org/ontology/bibo/Journal,
owl:AnnotationProperty,,,VO:00030,label,http://www.w3.org/2000/01/rdf-schema#label,
owl:Class,subclass,BFO:0000213,VO:00299,Laboratory,http://vivoweb.org/ontology/core#Laboratory,
owl:Class,subclass,BFO:0000214,VO:00300,Leader Role,http://vivoweb.org/ontology/core#LeaderRole,
owl:Class,subclass,BFO:0000096,VO:00182,Legal Case Document,http://purl.org/ontology/bibo/LegalCaseDocument,
owl:Class,subclass,BFO:0000098,VO:00184,Legal Document,http://purl.org/ontology/bibo/LegalDocument,
owl:Class,subclass,BFO:0000099,VO:00185,Legislation,http://purl.org/ontology/bibo/Legislation,
owl:Class,subclass,BFO:0000100,VO:00186,Letter,http://purl.org/ontology/bibo/Letter,
owl:Class,subclass,BFO:0000215,VO:00301,Librarian,http://vivoweb.org/ontology/core#Librarian,
owl:Class,subclass,BFO:0000186,VO:00272,Librarian Emeritus,http://vivoweb.org/ontology/core#EmeritusLibrarian,
owl:Class,subclass,BFO:0000216,VO:00302,Librarian Position,http://vivoweb.org/ontology/core#LibrarianPosition,
owl:Class,subclass,BFO:0000217,VO:00303,Library,http://vivoweb.org/ontology/core#Library,
owl:DatatypeProperty,,,VO:00569,Library of Congress Control Number (LCCN),http://purl.org/ontology/bibo/lccn,
owl:Class,subclass,BFO:0000218,VO:00304,License,http://vivoweb.org/ontology/core#License,
owl:DatatypeProperty,,,VO:00605,license number,http://vivoweb.org/ontology/core#licenseNumber,
owl:Class,subclass,BFO:0000219,VO:00305,Licensure,http://vivoweb.org/ontology/core#Licensure,
owl:DatatypeProperty,,,VO:00606,local award ID,http://vivoweb.org/ontology/core#localAwardId,
owl:ObjectProperty,,,VO:00729,located in,http://purl.obolibrary.org/obo/RO_0001025,
owl:Class,subclass,BFO:0000220,VO:00306,Location,http://vivoweb.org/ontology/core#Location,
owl:ObjectProperty,,,VO:00726,location of,http://purl.obolibrary.org/obo/RO_0001015,
owl:DatatypeProperty,,,VO:00570,locator,http://purl.org/ontology/bibo/locator,
owl:Class,subclass,BFO:0000101,VO:00187,Magazine,http://purl.org/ontology/bibo/Magazine,
owl:DatatypeProperty,,,VO:00607,major field of degree,http://vivoweb.org/ontology/core#majorField,
owl:Class,subclass,BFO:0000102,VO:00188,Manual,http://purl.org/ontology/bibo/Manual,
owl:ObjectProperty,,,VO:00716,manufactured by,http://purl.obolibrary.org/obo/OBI_0000304,
owl:Class,subclass,BFO:0000103,VO:00189,Manuscript,http://purl.org/ontology/bibo/Manuscript,
owl:Class,subclass,BFO:0000104,VO:00190,Map,http://purl.org/ontology/bibo/Map,
owl:Class,subclass, ,VO:00073,Material Entity,http://purl.obolibrary.org/obo/BFO_0000040,
owl:Class,subclass,BFO:0000221,VO:00307,Medical Residency,http://vivoweb.org/ontology/core#MedicalResidency,
owl:Class,subclass,BFO:0000222,VO:00308,Meeting,http://vivoweb.org/ontology/core#Meeting,
owl:ObjectProperty,,,VO:00733,member of,http://purl.obolibrary.org/obo/RO_0002350,
owl:Class,subclass,BFO:0000223,VO:00309,Member Role,http://vivoweb.org/ontology/core#MemberRole,
owl:ObjectProperty,,,VO:00711,mentions,http://purl.obolibrary.org/obo/IAO_0000142,
owl:DatatypeProperty,,,VO:00608,middle name or initial,http://vivoweb.org/ontology/core#middleName,
rdf:Property,,,VO:00031,minimum cardinality,http://www.w3.org/2002/07/owl#minCardinality,
owl:Class,subclass,BFO:0000224,VO:00310,Museum,http://vivoweb.org/ontology/core#Museum,
owl:Class,subclass,BFO:0000279,VO:00416,Name,http://www.w3.org/2006/vcard/ns#Name,
owl:AnnotationProperty,,,VO:00012,name of editor,http://purl.obolibrary.org/obo/IAO_0000117,
owl:DatatypeProperty,,,VO:00577,name prefix,http://purl.org/ontology/bibo/prefixName,
owl:ObjectProperty,,,VO:00844,narrower concept,http://www.w3.org/2004/02/skos/core#narrower,
owl:Class,subclass,BFO:0000225,VO:00311,News Release,http://vivoweb.org/ontology/core#NewsRelease,
owl:Class,subclass,BFO:0000226,VO:00312,Newsletter,http://vivoweb.org/ontology/core#Newsletter,
owl:Class,subclass,BFO:0000105,VO:00191,Newspaper,http://purl.org/ontology/bibo/Newspaper,
owl:DatatypeProperty,,,VO:00609,NIH Manuscript Submission System ID,http://vivoweb.org/ontology/core#nihmsid,
owl:Class,subclass,BFO:0000227,VO:00313,Non-Academic Role,http://vivoweb.org/ontology/core#NonAcademic,
owl:Class,subclass,BFO:0000228,VO:00314,Position,http://vivoweb.org/ontology/core#NonAcademicPosition,
owl:Class,subclass,BFO:0000229,VO:00315,Non-Faculty Academic,http://vivoweb.org/ontology/core#NonFacultyAcademic,
owl:Class,subclass,BFO:0000106,VO:00192,Note,http://purl.org/ontology/bibo/Note,
owl:DatatypeProperty,,,VO:00572,number,http://purl.org/ontology/bibo/number,
owl:DatatypeProperty,,,VO:00571,number of pages,http://purl.org/ontology/bibo/numPages,
owl:Class,subclass, ,VO:00059,Occurrent,http://purl.obolibrary.org/obo/BFO_0000003,
owl:ObjectProperty,,,VO:00809,offered by,http://vivoweb.org/ontology/core#offeredBy,
owl:ObjectProperty,,,VO:00810,offers,http://vivoweb.org/ontology/core#offers,
owl:Class,subclass, ,VO:00072,One-Dimensional Temporal Region,http://purl.obolibrary.org/obo/BFO_0000038,
owl:DatatypeProperty,,,VO:00573,Online Computer Library Center (OCLC) number,http://purl.org/ontology/bibo/oclcnum,
owl:ObjectProperty,,,VO:00811,ORCID iD,http://vivoweb.org/ontology/core#orcidId,
owl:ObjectProperty,,,VO:00772,Orcid ID confirmation,http://vivoweb.org/ontology/core#confirmedOrcidId,
owl:Class,subclass,BFO:0000285,VO:00451,Organization,http://xmlns.com/foaf/0.1/Organization,
owl:Class,subclass,BFO:0000231,VO:00317,Organizer Role,http://vivoweb.org/ontology/core#OrganizerRole,
owl:Class,subclass,BFO:0000232,VO:00318,Organizing Process,http://vivoweb.org/ontology/core#OrganizingProcess,
owl:ObjectProperty,,,VO:00735,output of,http://purl.obolibrary.org/obo/RO_0002353,
owl:DatatypeProperty,,,VO:00610,outreach overview,http://vivoweb.org/ontology/core#outreachOverview,
owl:Class,subclass,BFO:0000233,VO:00319,Outreach Provider Role,http://vivoweb.org/ontology/core#OutreachProviderRole,
owl:DatatypeProperty,,,VO:00611,overview,http://vivoweb.org/ontology/core#overview,
owl:ObjectProperty,,,VO:00684,part of,http://purl.obolibrary.org/obo/BFO_0000050,
owl:ObjectProperty,,,VO:00723,participates in,http://purl.obolibrary.org/obo/RO_0000056,
owl:Class,subclass,BFO:0000107,VO:00193,Patent,http://purl.org/ontology/bibo/Patent,
owl:DatatypeProperty,,,VO:00612,patent number,http://vivoweb.org/ontology/core#patentNumber,
owl:Class,subclass,BFO:0000234,VO:00320,Peer Reviewer Role,http://vivoweb.org/ontology/core#PeerReviewerRole,
owl:Class,subclass,BFO:0000108,VO:00194,Performance,http://purl.org/ontology/bibo/Performance,
owl:ObjectProperty,,,VO:00708,performed by organization,http://purl.obolibrary.org/obo/ERO_0001521,
owl:ObjectProperty,,,VO:00750,performer,http://purl.org/ontology/bibo/performer,
owl:Class,subclass,BFO:0000109,VO:00195,Periodical,http://purl.org/ontology/bibo/Periodical,
owl:Class,subclass,BFO:0000286,VO:00452,Person,http://xmlns.com/foaf/0.1/Person,
owl:Class,subclass,BFO:0000110,VO:00196,Personal Communication Document,http://purl.org/ontology/bibo/PersonalCommunicationDocument,
owl:Class,subclass,BFO:0000280,VO:00428,Photo,http://www.w3.org/2006/vcard/ns#Photo,
owl:DatatypeProperty,,,VO:00613,place of publication,http://vivoweb.org/ontology/core#placeOfPublication,
owl:Class,subclass,BFO:0000063,VO:00132,Plan Specification,http://purl.obolibrary.org/obo/IAO_0000104,
owl:Class,subclass,BFO:0000065,VO:00136,Planned Process,http://purl.obolibrary.org/obo/OBI_0000011,
owl:Class,subclass,BFO:0000235,VO:00321,Populated Place,http://vivoweb.org/ontology/core#PopulatedPlace,
owl:Class,subclass,BFO:0000236,VO:00322,Position,http://vivoweb.org/ontology/core#Position,
owl:Class,subclass,BFO:0000058,VO:00108,Post-Baccalaureate Trainee,http://purl.obolibrary.org/obo/ERO_0000790,
owl:Class,subclass,BFO:0000059,VO:00109,Post-Graduate Student Trainee Role,http://purl.obolibrary.org/obo/ERO_0000914,
owl:Class,subclass,BFO:0000237,VO:00323,Postdoc,http://vivoweb.org/ontology/core#Postdoc,
owl:Class,subclass,BFO:0000238,VO:00324,Postdoc or Fellow Advising Relationship,http://vivoweb.org/ontology/core#PostdocOrFellowAdvisingRelationship,
owl:Class,subclass,BFO:0000239,VO:00325,Postdoctoral Role,http://vivoweb.org/ontology/core#PostdocPosition,
owl:Class,subclass,BFO:0000240,VO:00326,Postdoctoral Training,http://vivoweb.org/ontology/core#PostdoctoralTraining,
owl:ObjectProperty,,,VO:00800,predecessor organization,http://vivoweb.org/ontology/core#hasPredecessorOrganization,
owl:DatatypeProperty,,,VO:00615,preferred display order,http://vivoweb.org/ontology/core#preferredDisplayOrder,
owl:ObjectProperty,,,VO:00812,prerequisite for,http://vivoweb.org/ontology/core#prerequisiteFor,
owl:Class,subclass,BFO:0000241,VO:00327,Presentation,http://vivoweb.org/ontology/core#Presentation,
owl:ObjectProperty,,,VO:00751,presented at event,http://purl.org/ontology/bibo/presentedAt,
owl:Class,subclass,BFO:0000242,VO:00328,Presenter Role,http://vivoweb.org/ontology/core#PresenterRole,
owl:Class,subclass,BFO:0000243,VO:00329,Presenting Process,http://vivoweb.org/ontology/core#PresentingProcess,
owl:Class,subclass,BFO:0000244,VO:00330,Primary Position,http://vivoweb.org/ontology/core#PrimaryPosition,
owl:Class,subclass,BFO:0000245,VO:00331,Principal Investigator Role,http://vivoweb.org/ontology/core#PrincipalInvestigatorRole,
owl:Class,subclass,BFO:0000246,VO:00332,Private Company,http://vivoweb.org/ontology/core#PrivateCompany,
owl:Class,subclass,BFO:0000111,VO:00197,Proceedings,http://purl.org/ontology/bibo/Proceedings,
owl:ObjectProperty,,,VO:00802,proceedings,http://vivoweb.org/ontology/core#hasProceedings,
owl:ObjectProperty,,,VO:00813,proceedings of,http://vivoweb.org/ontology/core#proceedingsOf,
owl:Class,subclass, ,VO:00063,Process,http://purl.obolibrary.org/obo/BFO_0000015,
owl:ObjectProperty,,,VO:00737,produced by,http://purl.obolibrary.org/obo/RO_0003001,
owl:ObjectProperty,,,VO:00736,produces,http://purl.obolibrary.org/obo/RO_0003000,
owl:Class,subclass,BFO:0000187,VO:00273,Professor Emeritus,http://vivoweb.org/ontology/core#EmeritusProfessor,
owl:Class,subclass,BFO:0000247,VO:00333,Program,http://vivoweb.org/ontology/core#Program,
owl:Class,subclass,BFO:0000248,VO:00334,Project,http://vivoweb.org/ontology/core#Project,
owl:Class,subclass,BFO:0000067,VO:00141,Protocol,http://purl.obolibrary.org/obo/OBI_0000272,
owl:ObjectProperty,,,VO:00789,provides funding for,http://vivoweb.org/ontology/core#fundingVehicleFor,
owl:ObjectProperty,,,VO:00814,provides funding through,http://vivoweb.org/ontology/core#providesFundingThrough,
owl:ObjectProperty,,,VO:00815,publication venue for,http://vivoweb.org/ontology/core#publicationVenueFor,
owl:ObjectProperty,,,VO:00803,published in,http://vivoweb.org/ontology/core#hasPublicationVenue,
owl:DatatypeProperty,,,VO:00588,published US Classification Class/subclass (CCL) code,http://vivoweb.org/ontology/core#cclCode,
owl:Class,subclass,BFO:0000249,VO:00335,Publisher,http://vivoweb.org/ontology/core#Publisher,
owl:ObjectProperty,,,VO:00816,publisher,http://vivoweb.org/ontology/core#publisher,
owl:ObjectProperty,,,VO:00817,publisher of,http://vivoweb.org/ontology/core#publisherOf,
owl:DatatypeProperty,,,VO:00614,PubMed Central ID,http://vivoweb.org/ontology/core#pmcid,
owl:DatatypeProperty,,,VO:00576,PubMed ID,http://purl.org/ontology/bibo/pmid,
owl:Class,subclass, ,VO:00066,Quality,http://purl.obolibrary.org/obo/BFO_0000019,
owl:Class,subclass,BFO:0000112,VO:00198,Quote,http://purl.org/ontology/bibo/Quote,
owl:DatatypeProperty,,,VO:00616,rank,http://vivoweb.org/ontology/core#rank,
owl:Class,subclass, ,VO:00065,Realizable Entity,http://purl.obolibrary.org/obo/BFO_0000017,
owl:ObjectProperty,,,VO:00686,realized in,http://purl.obolibrary.org/obo/BFO_0000054,
owl:ObjectProperty,,,VO:00687,realizes,http://purl.obolibrary.org/obo/BFO_0000055,
owl:ObjectProperty,,,VO:00753,recipient,http://purl.org/ontology/bibo/recipient,
owl:Class,subclass,BFO:0000113,VO:00199,Reference Source,http://purl.org/ontology/bibo/ReferenceSource,
owl:Class,subclass,BFO:0000066,VO:00137,Regulatory Role,http://purl.obolibrary.org/obo/OBI_0000017,
owl:ObjectProperty,,,VO:00818,related by,http://vivoweb.org/ontology/core#relatedBy,
owl:ObjectProperty,,,VO:00845,related concept,http://www.w3.org/2004/02/skos/core#related,
owl:ObjectProperty,,,VO:00819,relates,http://vivoweb.org/ontology/core#relates,
owl:Class,subclass,BFO:0000250,VO:00336,Relationship,http://vivoweb.org/ontology/core#Relationship,
owl:Class,subclass,BFO:0000114,VO:00200,Report,http://purl.org/ontology/bibo/Report,
owl:DatatypeProperty,,,VO:00617,report identifier,http://vivoweb.org/ontology/core#reportId,
owl:ObjectProperty,,,VO:00754,reproduced in,http://purl.org/ontology/bibo/reproducedIn,
owl:ObjectProperty,,,VO:00820,reproduces,http://vivoweb.org/ontology/core#reproduces,
owl:ObjectProperty,,,VO:00821,research area of,http://vivoweb.org/ontology/core#researchAreaOf,
owl:ObjectProperty,,,VO:00804,has research area,http://vivoweb.org/ontology/core#hasResearchArea,
owl:Class,subclass,BFO:0000050,VO:00095,Research Opportunity,http://purl.obolibrary.org/obo/ERO_0000595,
owl:Class,subclass,BFO:0000251,VO:00337,Research Organization,http://vivoweb.org/ontology/core#ResearchOrganization,
owl:DatatypeProperty,,,VO:00618,research overview,http://vivoweb.org/ontology/core#researchOverview,
owl:Class,subclass,BFO:0000044,VO:00081,Research Project,http://purl.obolibrary.org/obo/ERO_0000014,
owl:Class,subclass,BFO:0000252,VO:00338,Research Proposal,http://vivoweb.org/ontology/core#ResearchProposal,
owl:Class,subclass,BFO:0000253,VO:00339,Researcher Role,http://vivoweb.org/ontology/core#ResearcherRole,
owl:ObjectProperty,,,VO:00755,reversed by,http://purl.org/ontology/bibo/reversedBy,
owl:Class,subclass,BFO:0000254,VO:00340,Review,http://vivoweb.org/ontology/core#Review,
owl:ObjectProperty,,,VO:00756,review of,http://purl.org/ontology/bibo/reviewOf,
owl:ObjectProperty,,,VO:00822,reviewed in,http://vivoweb.org/ontology/core#reviewedIn,
owl:Class,subclass,BFO:0000255,VO:00341,Reviewer Role,http://vivoweb.org/ontology/core#ReviewerRole,
owl:Class,subclass, ,VO:00068,Role,http://purl.obolibrary.org/obo/BFO_0000023,
owl:Class,subclass,BFO:0000256,VO:00342,Room,http://vivoweb.org/ontology/core#Room,
owl:ObjectProperty,,,VO:00841,same as,http://www.w3.org/2002/07/owl#sameAs,
owl:Class,subclass,BFO:0000257,VO:00343,School,http://vivoweb.org/ontology/core#School,
owl:DatatypeProperty,,,VO:00620,Scopus ID,http://vivoweb.org/ontology/core#scopusId,
owl:Class,subclass,BFO:0000258,VO:00344,Score,http://vivoweb.org/ontology/core#Score,
owl:Class,subclass,BFO:0000259,VO:00345,Screenplay,http://vivoweb.org/ontology/core#Screenplay,
owl:DatatypeProperty,,,VO:00621,seating capacity,http://vivoweb.org/ontology/core#seatingCapacity,
owl:DatatypeProperty,,,VO:00578,section,http://purl.org/ontology/bibo/section,
owl:DatatypeProperty,,,VO:00580,Serial Item and Contribution Identifier (SICI),http://purl.org/ontology/bibo/sici,
owl:Class,subclass,BFO:0000115,VO:00201,Series,http://purl.org/ontology/bibo/Series,
owl:Class,subclass,BFO:0000042,VO:00077,Service,http://purl.obolibrary.org/obo/ERO_0000005,
owl:Class,subclass,BFO:0000043,VO:00080,Service Provider Role,http://purl.obolibrary.org/obo/ERO_0000012,
owl:Class,subclass, ,VO:00069,Site,http://purl.obolibrary.org/obo/BFO_0000029,
owl:Class,subclass,BFO:0000116,VO:00202,Slide,http://purl.org/ontology/bibo/Slide,
owl:Class,subclass,BFO:0000117,VO:00203,Slideshow,http://purl.org/ontology/bibo/Slideshow,
owl:Class,subclass,BFO:0000047,VO:00085,Software,http://purl.obolibrary.org/obo/ERO_0000071,
owl:Class,subclass, ,VO:00061,Spatial Region,http://purl.obolibrary.org/obo/BFO_0000006,
owl:Class,subclass, ,VO:00067,Specifically Dependent Continuant,http://purl.obolibrary.org/obo/BFO_0000020,
owl:Class,subclass,BFO:0000262,VO:00348,Speech,http://vivoweb.org/ontology/core#Speech,
owl:DatatypeProperty,,,VO:00622,sponsor award ID,http://vivoweb.org/ontology/core#sponsorAwardId,
owl:ObjectProperty,,,VO:00825,sponsors award or honor,http://vivoweb.org/ontology/core#sponsors,
owl:Class,subclass,BFO:0000057,VO:00107,Staff Role,http://purl.obolibrary.org/obo/ERO_0000789,
owl:Class,subclass,BFO:0000118,VO:00204,Standard,http://purl.org/ontology/bibo/Standard,
owl:ObjectProperty,,,VO:00826,start,http://vivoweb.org/ontology/core#start,
owl:DatatypeProperty,,,VO:00575,start page,http://purl.org/ontology/bibo/pageStart,
owl:Class,subclass,BFO:0000263,VO:00349,State or Province,http://vivoweb.org/ontology/core#StateOrProvince,
owl:ObjectProperty,,,VO:00757,status,http://purl.org/ontology/bibo/status,
owl:Class,subclass,BFO:0000119,VO:00205,Statute,http://purl.org/ontology/bibo/Statute,
owl:Class,subclass,BFO:0000264,VO:00350,Student,http://vivoweb.org/ontology/core#Student,
owl:Class,subclass,BFO:0000265,VO:00351,Student Organization,http://vivoweb.org/ontology/core#StudentOrganization,
owl:Class,subclass,BFO:0000051,VO:00101,Student Role,http://purl.obolibrary.org/obo/ERO_0000783,
owl:Class,subclass,BFO:0000069,VO:00146,Study Design,http://purl.obolibrary.org/obo/OBI_0500000,
owl:ObjectProperty,,,VO:00793,subcontracted through,http://vivoweb.org/ontology/core#grantSubcontractedThrough,
owl:ObjectProperty,,,VO:00827,subcontracts grant,http://vivoweb.org/ontology/core#subcontractsGrant,
owl:ObjectProperty,,,VO:00828,subject area of,http://vivoweb.org/ontology/core#subjectAreaOf,
owl:Class,subclass,BFO:0000266,VO:00352,Subnational Region,http://vivoweb.org/ontology/core#SubnationalRegion,
owl:ObjectProperty,,,VO:00758,subsequent legal decision,http://purl.org/ontology/bibo/subsequentLegalDecision,
owl:ObjectProperty,,,VO:00806,successor organization,http://vivoweb.org/ontology/core#hasSuccessorOrganization,
owl:DatatypeProperty,,,VO:00623,supplemental information,http://vivoweb.org/ontology/core#supplementalInformation,
owl:ObjectProperty,,,VO:00829,supported by,http://vivoweb.org/ontology/core#supportedBy,
owl:ObjectProperty,,,VO:00830,supported publications or other works,http://vivoweb.org/ontology/core#supportedInformationResource,
owl:ObjectProperty,,,VO:00831,supports,http://vivoweb.org/ontology/core#supports,
owl:Class,subclass,BFO:0000267,VO:00353,Teacher Role,http://vivoweb.org/ontology/core#TeacherRole,
owl:DatatypeProperty,,,VO:00624,teaching overview,http://vivoweb.org/ontology/core#teachingOverview,
owl:Class,subclass,BFO:0000268,VO:00354,Team,http://vivoweb.org/ontology/core#Team,
owl:Class,subclass,BFO:0000281,VO:00437,Telephone,http://www.w3.org/2006/vcard/ns#Telephone,
owl:Class,subclass, ,VO:00062,Temporal Region,http://purl.obolibrary.org/obo/BFO_0000008,
owl:Class,subclass,BFO:0000064,VO:00135,Textual Entity,http://purl.obolibrary.org/obo/IAO_0000300,
owl:Class,subclass,BFO:0000120,VO:00206,Thesis,http://purl.org/ontology/bibo/Thesis,
owl:Class,subclass,BFO:0000121,VO:00207,Thesis Degree,http://purl.org/ontology/bibo/ThesisDegree,
owl:Class,subclass,BFO:0000282,VO:00442,Title,http://www.w3.org/2006/vcard/ns#Title,
owl:ObjectProperty,,,VO:00842,top object property,http://www.w3.org/2002/07/owl#topObjectProperty,
owl:DatatypeProperty,,,VO:00627,total award amount,http://vivoweb.org/ontology/core#totalAwardAmount,
owl:ObjectProperty,,,VO:00759,transcript of,http://purl.org/ontology/bibo/transcriptOf,
owl:Class,subclass,BFO:0000269,VO:00355,Translation,http://vivoweb.org/ontology/core#Translation,
owl:ObjectProperty,,,VO:00760,translation of,http://purl.org/ontology/bibo/translationOf,
owl:ObjectProperty,,,VO:00761,translator,http://purl.org/ontology/bibo/translator,
owl:ObjectProperty,,,VO:00832,translator of,http://vivoweb.org/ontology/core#translatorOf,
owl:Class,subclass,BFO:0000270,VO:00356,Undergraduate Advising Relationship,http://vivoweb.org/ontology/core#UndergraduateAdvisingRelationship,
owl:Class,subclass,BFO:0000052,VO:00102,Undergraduate Student Role,http://purl.obolibrary.org/obo/ERO_0000784,
owl:DatatypeProperty,,,VO:00581,Universal Product Code (UPC),http://purl.org/ontology/bibo/upc,
owl:Class,subclass,BFO:0000272,VO:00358,University,http://vivoweb.org/ontology/core#University,
owl:DatatypeProperty,,,VO:00582,URI,http://purl.org/ontology/bibo/uri,
owl:ObjectProperty,,,VO:00833,valid in,http://vivoweb.org/ontology/core#validIn,
owl:Class,subclass,BFO:0000273,VO:00359,Video,http://vivoweb.org/ontology/core#Video,
owl:DatatypeProperty,,,VO:00583,volume,http://purl.org/ontology/bibo/volume,
owl:Class,subclass,BFO:0000123,VO:00209,Website,http://purl.org/ontology/bibo/Website,
owl:Class,subclass,BFO:0000274,VO:00360,Working Paper,http://vivoweb.org/ontology/core#WorkingPaper,
owl:Class,subclass,BFO:0000124,VO:00210,Workshop,http://purl.org/ontology/bibo/Workshop,
owl:Class,subclass,BFO:0000275,VO:00361,Workshop Series,http://vivoweb.org/ontology/core#WorkshopSeries,
owl:Class,subclass, ,VO:00075,Zero-Dimensional Temporal Region,http://purl.obolibrary.org/obo/BFO_0000148,