RDF Type,Class type,Parent IRI,ID,See Also,Label,Definition,Editors Note
TYPE,CLASS_TYPE,CI,ID,AI rdfs:seeAlso,A rdfs:label,A IAO:0000115,A IAO:0000116
owl:AnnotationProperty,,,VO:00001,http://aims.fao.org/aos/geopolitical.owl#sourceCreator,IDK 1,TBA 1,
owl:AnnotationProperty,,,VO:00002,http://aims.fao.org/aos/geopolitical.owl#sourceIdentifier,IDK 2,TBA 2,
owl:AnnotationProperty,,,VO:00003,http://aims.fao.org/aos/geopolitical.owl#sourceModified,IDK 3,TBA 3,
owl:AnnotationProperty,,,VO:00004,http://purl.obolibrary.org/obo/ARG_0000033,IDK 4,TBA 4,
owl:AnnotationProperty,,,VO:00005,http://purl.obolibrary.org/obo/BFO_0000179,IDK 5,TBA 5,
owl:AnnotationProperty,,,VO:00006,http://purl.obolibrary.org/obo/BFO_0000180,IDK 6,TBA 6,
owl:AnnotationProperty,,,VO:00007,http://purl.obolibrary.org/obo/IAO_0000111,IDK 7,TBA 7,
owl:AnnotationProperty,,,VO:00008,http://purl.obolibrary.org/obo/IAO_0000112,IDK 8,TBA 8,
owl:AnnotationProperty,,,VO:00009,http://purl.obolibrary.org/obo/IAO_0000114,IDK 9,TBA 9,
owl:AnnotationProperty,,,VO:00010,http://purl.obolibrary.org/obo/IAO_0000115,IDK 10,TBA 10,
owl:AnnotationProperty,,,VO:00011,http://purl.obolibrary.org/obo/IAO_0000116,IDK 11,TBA 11,
owl:AnnotationProperty,,,VO:00012,http://purl.obolibrary.org/obo/IAO_0000117,IDK 12,TBA 12,
owl:AnnotationProperty,,,VO:00013,http://purl.obolibrary.org/obo/IAO_0000118,IDK 13,TBA 13,
owl:AnnotationProperty,,,VO:00014,http://purl.obolibrary.org/obo/IAO_0000119,IDK 14,TBA 14,
owl:AnnotationProperty,,,VO:00015,http://purl.obolibrary.org/obo/IAO_0000231,IDK 15,TBA 15,
owl:AnnotationProperty,,,VO:00016,http://purl.obolibrary.org/obo/IAO_0000232,IDK 16,TBA 16,
owl:AnnotationProperty,,,VO:00017,http://purl.obolibrary.org/obo/IAO_0000412,IDK 17,TBA 17,
owl:AnnotationProperty,,,VO:00018,http://purl.obolibrary.org/obo/IAO_0000600,IDK 18,TBA 18,
owl:AnnotationProperty,,,VO:00019,http://purl.obolibrary.org/obo/IAO_0000601,IDK 19,TBA 19,
owl:AnnotationProperty,,,VO:00020,http://purl.obolibrary.org/obo/IAO_0000602,IDK 20,TBA 20,
owl:AnnotationProperty,,,VO:00021,http://purl.org/dc/terms/description,IDK 21,TBA 21,
owl:AnnotationProperty,,,VO:00022,http://purl.org/dc/terms/source,IDK 22,TBA 22,
owl:AnnotationProperty,,,VO:00023,http://purl.org/net/OCRe/statistics.owl#curator,IDK 23,TBA 23,
owl:AnnotationProperty,,,VO:00024,http://purl.org/net/OCRe/study_protocol.owl#develop_comment,IDK 24,TBA 24,
owl:AnnotationProperty,,,VO:00025,http://vitro.mannlib.cornell.edu/ns/vitro/0.7#descriptionAnnot,IDK 25,TBA 25,
owl:AnnotationProperty,,,VO:00026,http://vitro.mannlib.cornell.edu/ns/vitro/0.7#exampleAnnot,IDK 26,TBA 26,
owl:AnnotationProperty,,,VO:00027,http://vitro.mannlib.cornell.edu/ns/vitro/0.7#stubObjectPropertyAnnot,IDK 27,TBA 27,
owl:AnnotationProperty,,,VO:00028,http://www.w3.org/2000/01/rdf-schema#comment,IDK 28,TBA 28,
owl:AnnotationProperty,,,VO:00029,http://www.w3.org/2000/01/rdf-schema#isDefinedBy,IDK 29,TBA 29,
owl:AnnotationProperty,,,VO:00030,http://www.w3.org/2000/01/rdf-schema#label,IDK 30,TBA 30,
owl:AnnotationProperty,,,VO:00031,http://www.w3.org/2002/07/owl#minCardinality,IDK 31,TBA 31,
owl:AnnotationProperty,,,VO:00032,http://www.w3.org/2003/06/sw-vocab-status/ns#term_status,IDK 32,TBA 32,
owl:AnnotationProperty,,,VO:00033,http://www.w3.org/2004/02/skos/core#scopeNote,IDK 33,TBA 33,
owl:AnnotationProperty,,,VO:00034,http://www.w3.org/2008/05/skos#editorialNote,IDK 34,TBA 34,
owl:AnnotationProperty,,,VO:00035,http://www.w3.org/2008/05/skos#scopeNote,IDK 35,TBA 35,
owl:Class,subclass,BFO:0000002,VO:00036,http://aims.fao.org/aos/geopolitical.owl#area,Area,TBA 36,
owl:Class,subclass,BFO:0000003,VO:00037,http://aims.fao.org/aos/geopolitical.owl#disputed,Disputed,TBA 37,
owl:Class,subclass,BFO:0000004,VO:00038,http://aims.fao.org/aos/geopolitical.owl#economic_region,Economic Region,TBA 38,
owl:Class,subclass,BFO:0000005,VO:00039,http://aims.fao.org/aos/geopolitical.owl#geographical_region,Transnational Region,TBA 39,
owl:Class,subclass,BFO:0000006,VO:00040,http://aims.fao.org/aos/geopolitical.owl#group,Group,TBA 40,
owl:Class,subclass,BFO:0000007,VO:00041,http://aims.fao.org/aos/geopolitical.owl#non_self_governing,Non Self Governing,TBA 41,
owl:Class,subclass,BFO:0000008,VO:00042,http://aims.fao.org/aos/geopolitical.owl#organization,Organization,TBA 42,
owl:Class,subclass,BFO:0000009,VO:00043,http://aims.fao.org/aos/geopolitical.owl#other,Other,TBA 43,
owl:Class,subclass,BFO:0000010,VO:00044,http://aims.fao.org/aos/geopolitical.owl#self_governing,Self Governing,TBA 44,
owl:Class,subclass,BFO:0000011,VO:00045,http://aims.fao.org/aos/geopolitical.owl#special_group,Special Group,TBA 45,
owl:Class,subclass,BFO:0000012,VO:00046,http://aims.fao.org/aos/geopolitical.owl#territory,Territory,TBA 46,
owl:Class,subclass,BFO:0000013,VO:00047,http://purl.obolibrary.org/obo/ARG_0000008,IDK 36,TBA 47,
owl:Class,subclass,BFO:0000014,VO:00048,http://purl.obolibrary.org/obo/ARG_2000008,Topic Weight Measurement,TBA 48,
owl:Class,subclass,BFO:0000015,VO:00049,http://purl.obolibrary.org/obo/ARG_2000009,Expertise Measurement,TBA 49,
owl:Class,subclass,BFO:0000016,VO:00050,http://purl.obolibrary.org/obo/ARG_2000010,Topic Weight Measurement Process,TBA 50,
owl:Class,subclass,BFO:0000017,VO:00051,http://purl.obolibrary.org/obo/ARG_2000011,Expertise Measurement Process,TBA 51,
owl:Class,subclass,BFO:0000018,VO:00052,http://purl.obolibrary.org/obo/ARG_2000021,Experience,TBA 52,
owl:Class,subclass,BFO:0000019,VO:00053,http://purl.obolibrary.org/obo/ARG_2000022,specialty,TBA 53,
owl:Class,subclass,BFO:0000020,VO:00054,http://purl.obolibrary.org/obo/ARG_2000376,Contact Qualifier,TBA 54,
owl:Class,subclass,BFO:0000021,VO:00055,http://purl.obolibrary.org/obo/ARG_2000377,FOAF Profile,TBA 55,
owl:Class,subclass,BFO:0000022,VO:00056,http://purl.obolibrary.org/obo/ARG_2000379,Contact,TBA 56,
owl:Class,subclass,BFO:0000023,VO:00057,http://purl.obolibrary.org/obo/BFO_0000001,Entity,TBA 57,
owl:Class,subclass,BFO:0000024,VO:00058,http://purl.obolibrary.org/obo/BFO_0000002,Continuant,TBA 58,
owl:Class,subclass,BFO:0000025,VO:00059,http://purl.obolibrary.org/obo/BFO_0000003,Occurrent,TBA 59,
owl:Class,subclass,BFO:0000026,VO:00060,http://purl.obolibrary.org/obo/BFO_0000004,Independent Continuant,TBA 60,
owl:Class,subclass,BFO:0000027,VO:00061,http://purl.obolibrary.org/obo/BFO_0000006,Spatial Region,TBA 61,
owl:Class,subclass,BFO:0000028,VO:00062,http://purl.obolibrary.org/obo/BFO_0000008,Temporal Region,TBA 62,
owl:Class,subclass,BFO:0000029,VO:00063,http://purl.obolibrary.org/obo/BFO_0000015,Process,TBA 63,
owl:Class,subclass,BFO:0000030,VO:00064,http://purl.obolibrary.org/obo/BFO_0000016,Disposition,TBA 64,
owl:Class,subclass,BFO:0000031,VO:00065,http://purl.obolibrary.org/obo/BFO_0000017,Realizable Entity,TBA 65,
owl:Class,subclass,BFO:0000032,VO:00066,http://purl.obolibrary.org/obo/BFO_0000019,Quality,TBA 66,
owl:Class,subclass,BFO:0000033,VO:00067,http://purl.obolibrary.org/obo/BFO_0000020,Specifically Dependent Continuant,TBA 67,
owl:Class,subclass,BFO:0000034,VO:00068,http://purl.obolibrary.org/obo/BFO_0000023,Role,TBA 68,
owl:Class,subclass,BFO:0000035,VO:00069,http://purl.obolibrary.org/obo/BFO_0000029,Site,TBA 69,
owl:Class,subclass,BFO:0000036,VO:00070,http://purl.obolibrary.org/obo/BFO_0000031,Generically Dependent Continuant,TBA 70,
owl:Class,subclass,BFO:0000037,VO:00071,http://purl.obolibrary.org/obo/BFO_0000034,Function,TBA 71,
owl:Class,subclass,BFO:0000038,VO:00072,http://purl.obolibrary.org/obo/BFO_0000038,One-Dimensional Temporal Region,TBA 72,
owl:Class,subclass,BFO:0000039,VO:00073,http://purl.obolibrary.org/obo/BFO_0000040,Material Entity,TBA 73,
owl:Class,subclass,BFO:0000040,VO:00074,http://purl.obolibrary.org/obo/BFO_0000141,Immaterial Entity,TBA 74,
owl:Class,subclass,BFO:0000041,VO:00075,http://purl.obolibrary.org/obo/BFO_0000148,Zero-Dimensional Temporal Region,TBA 75,
owl:Class,subclass,BFO:0000042,VO:00076,http://purl.obolibrary.org/obo/ERO_0000004,Instrument,TBA 76,
owl:Class,subclass,BFO:0000043,VO:00077,http://purl.obolibrary.org/obo/ERO_0000005,Service,TBA 77,
owl:Class,subclass,BFO:0000044,VO:00078,http://purl.obolibrary.org/obo/ERO_0000006,Reagent,TBA 78,
owl:Class,subclass,BFO:0000045,VO:00079,http://purl.obolibrary.org/obo/ERO_0000007,Technique,TBA 79,
owl:Class,subclass,BFO:0000046,VO:00080,http://purl.obolibrary.org/obo/ERO_0000012,Service Provider Role,TBA 80,
owl:Class,subclass,BFO:0000047,VO:00081,http://purl.obolibrary.org/obo/ERO_0000014,Research Project,TBA 81,
owl:Class,subclass,BFO:0000048,VO:00082,http://purl.obolibrary.org/obo/ERO_0000015,Human Study,TBA 82,
owl:Class,subclass,BFO:0000049,VO:00083,http://purl.obolibrary.org/obo/ERO_0000016,Clinical Trial,TBA 83,
owl:Class,subclass,BFO:0000050,VO:00084,http://purl.obolibrary.org/obo/ERO_0000020,Biological Specimen,TBA 84,
owl:Class,subclass,BFO:0000051,VO:00085,http://purl.obolibrary.org/obo/ERO_0000071,Software,TBA 85,
owl:Class,subclass,BFO:0000052,VO:00086,http://purl.obolibrary.org/obo/ERO_0000224,Funding Role,TBA 86,
owl:Class,subclass,BFO:0000053,VO:00087,http://purl.obolibrary.org/obo/ERO_0000225,Educator Role,TBA 87,
owl:Class,subclass,BFO:0000054,VO:00088,http://purl.obolibrary.org/obo/ERO_0000391,Access Service,TBA 88,
owl:Class,subclass,BFO:0000055,VO:00089,http://purl.obolibrary.org/obo/ERO_0000392,Storage Service,TBA 89,
owl:Class,subclass,BFO:0000056,VO:00090,http://purl.obolibrary.org/obo/ERO_0000393,Training Service,TBA 90,
owl:Class,subclass,BFO:0000057,VO:00091,http://purl.obolibrary.org/obo/ERO_0000394,Material Processing Service,TBA 91,
owl:Class,subclass,BFO:0000058,VO:00092,http://purl.obolibrary.org/obo/ERO_0000395,Material Analysis Service,TBA 92,
owl:Class,subclass,BFO:0000059,VO:00093,http://purl.obolibrary.org/obo/ERO_0000396,Material Production Service,TBA 93,
owl:Class,subclass,BFO:0000060,VO:00094,http://purl.obolibrary.org/obo/ERO_0000565,Technology Transfer Office,TBA 94,
owl:Class,subclass,BFO:0000061,VO:00095,http://purl.obolibrary.org/obo/ERO_0000595,Research Opportunity,TBA 95,
owl:Class,subclass,BFO:0000062,VO:00096,http://purl.obolibrary.org/obo/ERO_0000776,US Resident Role,TBA 96,
owl:Class,subclass,BFO:0000063,VO:00097,http://purl.obolibrary.org/obo/ERO_0000777,US Citizen Role,TBA 97,
owl:Class,subclass,BFO:0000064,VO:00098,http://purl.obolibrary.org/obo/ERO_0000778,Non-US Citizen,TBA 98,
owl:Class,subclass,BFO:0000065,VO:00099,http://purl.obolibrary.org/obo/ERO_0000779,Permanent Resident Role,TBA 99,
owl:Class,subclass,BFO:0000066,VO:00100,http://purl.obolibrary.org/obo/ERO_0000780,Non-Permanent Resident Role,TBA 100,
owl:Class,subclass,BFO:0000067,VO:00101,http://purl.obolibrary.org/obo/ERO_0000783,Student Role,TBA 101,
owl:Class,subclass,BFO:0000068,VO:00102,http://purl.obolibrary.org/obo/ERO_0000784,Undergraduate Student Role,TBA 102,
owl:Class,subclass,BFO:0000069,VO:00103,http://purl.obolibrary.org/obo/ERO_0000785,Graduate Student Role,TBA 103,
owl:Class,subclass,BFO:0000070,VO:00104,http://purl.obolibrary.org/obo/ERO_0000786,High School Student Role,TBA 104,
owl:Class,subclass,BFO:0000071,VO:00105,http://purl.obolibrary.org/obo/ERO_0000787,Employee Role,TBA 105,
owl:Class,subclass,BFO:0000072,VO:00106,http://purl.obolibrary.org/obo/ERO_0000788,Faculty Role,TBA 106,
owl:Class,subclass,BFO:0000073,VO:00107,http://purl.obolibrary.org/obo/ERO_0000789,Staff Role,TBA 107,
owl:Class,subclass,BFO:0000074,VO:00108,http://purl.obolibrary.org/obo/ERO_0000790,Post-Baccalaureate Trainee,TBA 108,
owl:Class,subclass,BFO:0000075,VO:00109,http://purl.obolibrary.org/obo/ERO_0000914,Post-Graduate Student Trainee Role,TBA 109,
owl:Class,subclass,BFO:0000076,VO:00110,http://purl.obolibrary.org/obo/ERO_0001245,Licensing,TBA 110,
owl:Class,subclass,BFO:0000077,VO:00111,http://purl.obolibrary.org/obo/ERO_0001254,Transport Service,TBA 111,
owl:Class,subclass,BFO:0000078,VO:00112,http://purl.obolibrary.org/obo/ERO_0001255,Support Service,TBA 112,
owl:Class,subclass,BFO:0000079,VO:00113,http://purl.obolibrary.org/obo/ERO_0001256,Material Storage Service,TBA 113,
owl:Class,subclass,BFO:0000080,VO:00114,http://purl.obolibrary.org/obo/ERO_0001257,Data Storage Service,TBA 114,
owl:Class,subclass,BFO:0000081,VO:00115,http://purl.obolibrary.org/obo/ERO_0001258,Maintenance Service,TBA 115,
owl:Class,subclass,BFO:0000082,VO:00116,http://purl.obolibrary.org/obo/ERO_0001259,Material Maintenance Service,TBA 116,
owl:Class,subclass,BFO:0000083,VO:00117,http://purl.obolibrary.org/obo/ERO_0001260,Data Maintenance Service,TBA 117,
owl:Class,subclass,BFO:0000084,VO:00118,http://purl.obolibrary.org/obo/ERO_0001261,Analysis Service,TBA 118,
owl:Class,subclass,BFO:0000085,VO:00119,http://purl.obolibrary.org/obo/ERO_0001262,Data Analysis Service,TBA 119,
owl:Class,subclass,BFO:0000086,VO:00120,http://purl.obolibrary.org/obo/ERO_0001263,Material Modification Service,TBA 120,
owl:Class,subclass,BFO:0000087,VO:00121,http://purl.obolibrary.org/obo/ERO_0001716,Database,TBA 121,
owl:Class,subclass,BFO:0000088,VO:00122,http://purl.obolibrary.org/obo/IAO_0000003,Measurement Unit Label,TBA 122,
owl:Class,subclass,BFO:0000089,VO:00123,http://purl.obolibrary.org/obo/IAO_0000005,Objective Specification,TBA 123,
owl:Class,subclass,BFO:0000090,VO:00124,http://purl.obolibrary.org/obo/IAO_0000007,Action Specification,TBA 124,
owl:Class,subclass,BFO:0000091,VO:00125,http://purl.obolibrary.org/obo/IAO_0000009,Datum Label,TBA 125,
owl:Class,subclass,BFO:0000092,VO:00126,http://purl.obolibrary.org/obo/IAO_0000013,Journal Article,TBA 126,
owl:Class,subclass,BFO:0000093,VO:00127,http://purl.obolibrary.org/obo/IAO_0000027,Data Item,TBA 127,
owl:Class,subclass,BFO:0000094,VO:00128,http://purl.obolibrary.org/obo/IAO_0000030,Information Content Entity,TBA 128,
owl:Class,subclass,BFO:0000095,VO:00129,http://purl.obolibrary.org/obo/IAO_0000032,Scalar Measurement Datum,TBA 129,
owl:Class,subclass,BFO:0000096,VO:00130,http://purl.obolibrary.org/obo/IAO_0000033,Directive Information Entity,TBA 130,
owl:Class,subclass,BFO:0000097,VO:00131,http://purl.obolibrary.org/obo/IAO_0000102,Data about an Ontology Part,TBA 131,
owl:Class,subclass,BFO:0000098,VO:00132,http://purl.obolibrary.org/obo/IAO_0000104,Plan Specification,TBA 132,
owl:Class,subclass,BFO:0000099,VO:00133,http://purl.obolibrary.org/obo/IAO_0000109,Measurement Datum,TBA 133,
owl:Class,subclass,BFO:0000100,VO:00134,http://purl.obolibrary.org/obo/IAO_0000144,Conclusion Textual Entity,TBA 134,
owl:Class,subclass,BFO:0000101,VO:00135,http://purl.obolibrary.org/obo/IAO_0000300,Textual Entity,TBA 135,
owl:Class,subclass,BFO:0000102,VO:00136,http://purl.obolibrary.org/obo/OBI_0000011,Planned Process,TBA 136,
owl:Class,subclass,BFO:0000103,VO:00137,http://purl.obolibrary.org/obo/OBI_0000017,Regulatory Role,TBA 137,
owl:Class,subclass,BFO:0000104,VO:00138,http://purl.obolibrary.org/obo/OBI_0000066,IDK 37,TBA 138,
owl:Class,subclass,BFO:0000105,VO:00139,http://purl.obolibrary.org/obo/OBI_0000086,IDK 38,TBA 139,
owl:Class,subclass,BFO:0000106,VO:00140,http://purl.obolibrary.org/obo/OBI_0000094,IDK 39,TBA 140,
owl:Class,subclass,BFO:0000107,VO:00141,http://purl.obolibrary.org/obo/OBI_0000272,Protocol,TBA 141,
owl:Class,subclass,BFO:0000108,VO:00142,http://purl.obolibrary.org/obo/OBI_0000571,IDK 40,TBA 142,
owl:Class,subclass,BFO:0000109,VO:00143,http://purl.obolibrary.org/obo/OBI_0000835,Manufacturer,TBA 143,
owl:Class,subclass,BFO:0000110,VO:00144,http://purl.obolibrary.org/obo/OBI_0001554,Rate Measurement Datum,TBA 144,
owl:Class,subclass,BFO:0000111,VO:00145,http://purl.obolibrary.org/obo/OBI_0100026,Organism,TBA 145,
owl:Class,subclass,BFO:0000112,VO:00146,http://purl.obolibrary.org/obo/OBI_0500000,Study Design,TBA 146,
owl:Class,subclass,BFO:0000113,VO:00147,http://purl.obolibrary.org/obo/UO_0000280,Rate Unit,TBA 147,
owl:Class,subclass,BFO:0000114,VO:00148,http://purl.org/NET/c4dm/event.owl#Event,Event,TBA 148,
owl:Class,subclass,BFO:0000115,VO:00149,http://purl.org/net/OCRe/research.owl#Interventional_study,Intervential Study,TBA 149,
owl:Class,subclass,BFO:0000116,VO:00150,http://purl.org/net/OCRe/study_design.owl#OCRE100038,Phase,TBA 150,
owl:Class,subclass,BFO:0000117,VO:00151,http://purl.org/net/OCRe/study_design.owl#Phase_0,Phase 0,TBA 151,
owl:Class,subclass,BFO:0000118,VO:00152,http://purl.org/net/OCRe/study_design.owl#Phase_1,Phase 1,TBA 152,
owl:Class,subclass,BFO:0000119,VO:00153,http://purl.org/net/OCRe/study_design.owl#Phase_2,Phase 2,TBA 153,
owl:Class,subclass,BFO:0000120,VO:00154,http://purl.org/net/OCRe/study_design.owl#Phase_3,Phase 3,TBA 154,
owl:Class,subclass,BFO:0000121,VO:00155,http://purl.org/net/OCRe/study_design.owl#Phase_4,Phase 4,TBA 155,
owl:Class,subclass,BFO:0000122,VO:00156,http://purl.org/net/OCRe/study_design.owl#Single_group_study,Single Group Study,TBA 156,
owl:Class,subclass,BFO:0000123,VO:00157,http://purl.org/ontology/bibo/AcademicArticle,Academic Article,TBA 157,
owl:Class,subclass,BFO:0000124,VO:00158,http://purl.org/ontology/bibo/Article,Article,TBA 158,
owl:Class,subclass,BFO:0000125,VO:00159,http://purl.org/ontology/bibo/AudioDocument,Audio Document,TBA 159,
owl:Class,subclass,BFO:0000126,VO:00160,http://purl.org/ontology/bibo/AudioVisualDocument,Audio-Visual Document,TBA 160,
owl:Class,subclass,BFO:0000127,VO:00161,http://purl.org/ontology/bibo/Bill,Bill,TBA 161,
owl:Class,subclass,BFO:0000128,VO:00162,http://purl.org/ontology/bibo/Book,Book,TBA 162,
owl:Class,subclass,BFO:0000129,VO:00163,http://purl.org/ontology/bibo/BookSection,Book Section,TBA 163,
owl:Class,subclass,BFO:0000130,VO:00164,http://purl.org/ontology/bibo/Brief,Brief,TBA 164,
owl:Class,subclass,BFO:0000131,VO:00165,http://purl.org/ontology/bibo/Chapter,Chapter,TBA 165,
owl:Class,subclass,BFO:0000132,VO:00166,http://purl.org/ontology/bibo/Code,Code,TBA 166,
owl:Class,subclass,BFO:0000133,VO:00167,http://purl.org/ontology/bibo/CollectedDocument,Collected Document,TBA 167,
owl:Class,subclass,BFO:0000134,VO:00168,http://purl.org/ontology/bibo/Collection,Collection,TBA 168,
owl:Class,subclass,BFO:0000135,VO:00169,http://purl.org/ontology/bibo/Conference,Conference,TBA 169,
owl:Class,subclass,BFO:0000136,VO:00170,http://purl.org/ontology/bibo/CourtReporter,Court Reporter,TBA 170,
owl:Class,subclass,BFO:0000137,VO:00171,http://purl.org/ontology/bibo/Document,Document,TBA 171,
owl:Class,subclass,BFO:0000138,VO:00172,http://purl.org/ontology/bibo/DocumentPart,Document Part,TBA 172,
owl:Class,subclass,BFO:0000139,VO:00173,http://purl.org/ontology/bibo/DocumentStatus,Document Status,TBA 173,
owl:Class,subclass,BFO:0000140,VO:00174,http://purl.org/ontology/bibo/EditedBook,Edited Book,TBA 174,
owl:Class,subclass,BFO:0000141,VO:00175,http://purl.org/ontology/bibo/Excerpt,Excerpt,TBA 175,
owl:Class,subclass,BFO:0000142,VO:00176,http://purl.org/ontology/bibo/Film,Film,TBA 176,
owl:Class,subclass,BFO:0000143,VO:00177,http://purl.org/ontology/bibo/Hearing,Hearing,TBA 177,
owl:Class,subclass,BFO:0000144,VO:00178,http://purl.org/ontology/bibo/Image,Image,TBA 178,
owl:Class,subclass,BFO:0000145,VO:00179,http://purl.org/ontology/bibo/Interview,Interview,TBA 179,
owl:Class,subclass,BFO:0000146,VO:00180,http://purl.org/ontology/bibo/Issue,Issue,TBA 180,
owl:Class,subclass,BFO:0000147,VO:00181,http://purl.org/ontology/bibo/Journal,Journal,TBA 181,
owl:Class,subclass,BFO:0000148,VO:00182,http://purl.org/ontology/bibo/LegalCaseDocument,Legal Case Document,TBA 182,
owl:Class,subclass,BFO:0000149,VO:00183,http://purl.org/ontology/bibo/LegalDecision,Decision,TBA 183,
owl:Class,subclass,BFO:0000150,VO:00184,http://purl.org/ontology/bibo/LegalDocument,Legal Document,TBA 184,
owl:Class,subclass,BFO:0000151,VO:00185,http://purl.org/ontology/bibo/Legislation,Legislation,TBA 185,
owl:Class,subclass,BFO:0000152,VO:00186,http://purl.org/ontology/bibo/Letter,Letter,TBA 186,
owl:Class,subclass,BFO:0000153,VO:00187,http://purl.org/ontology/bibo/Magazine,Magazine,TBA 187,
owl:Class,subclass,BFO:0000154,VO:00188,http://purl.org/ontology/bibo/Manual,Manual,TBA 188,
owl:Class,subclass,BFO:0000155,VO:00189,http://purl.org/ontology/bibo/Manuscript,manuscript,TBA 189,
owl:Class,subclass,BFO:0000156,VO:00190,http://purl.org/ontology/bibo/Map,Map,TBA 190,
owl:Class,subclass,BFO:0000157,VO:00191,http://purl.org/ontology/bibo/Newspaper,Newspaper,TBA 191,
owl:Class,subclass,BFO:0000158,VO:00192,http://purl.org/ontology/bibo/Note,Note,TBA 192,
owl:Class,subclass,BFO:0000159,VO:00193,http://purl.org/ontology/bibo/Patent,Patent,TBA 193,
owl:Class,subclass,BFO:0000160,VO:00194,http://purl.org/ontology/bibo/Performance,Performance,TBA 194,
owl:Class,subclass,BFO:0000161,VO:00195,http://purl.org/ontology/bibo/Periodical,Periodical,TBA 195,
owl:Class,subclass,BFO:0000162,VO:00196,http://purl.org/ontology/bibo/PersonalCommunicationDocument,Personal Communication Document,TBA 196,
owl:Class,subclass,BFO:0000163,VO:00197,http://purl.org/ontology/bibo/Proceedings,Proceedings,TBA 197,
owl:Class,subclass,BFO:0000164,VO:00198,http://purl.org/ontology/bibo/Quote,Quote,TBA 198,
owl:Class,subclass,BFO:0000165,VO:00199,http://purl.org/ontology/bibo/ReferenceSource,Reference Source,TBA 199,
owl:Class,subclass,BFO:0000166,VO:00200,http://purl.org/ontology/bibo/Report,Report,TBA 200,
owl:Class,subclass,BFO:0000167,VO:00201,http://purl.org/ontology/bibo/Series,Series,TBA 201,
owl:Class,subclass,BFO:0000168,VO:00202,http://purl.org/ontology/bibo/Slide,Slide,TBA 202,
owl:Class,subclass,BFO:0000169,VO:00203,http://purl.org/ontology/bibo/Slideshow,Slideshow,TBA 203,
owl:Class,subclass,BFO:0000170,VO:00204,http://purl.org/ontology/bibo/Standard,Standard,TBA 204,
owl:Class,subclass,BFO:0000171,VO:00205,http://purl.org/ontology/bibo/Statute,Statute,TBA 205,
owl:Class,subclass,BFO:0000172,VO:00206,http://purl.org/ontology/bibo/Thesis,Thesis,TBA 206,
owl:Class,subclass,BFO:0000173,VO:00207,http://purl.org/ontology/bibo/ThesisDegree,Thesis Degree,TBA 207,
owl:Class,subclass,BFO:0000174,VO:00208,http://purl.org/ontology/bibo/Webpage,Webpage,TBA 208,
owl:Class,subclass,BFO:0000175,VO:00209,http://purl.org/ontology/bibo/Website,Website,TBA 209,
owl:Class,subclass,BFO:0000176,VO:00210,http://purl.org/ontology/bibo/Workshop,Workshop,TBA 210,
owl:Class,subclass,BFO:0000177,VO:00211,http://purl.org/spar/c4o/BibliographicInformationSource,Bibliographic Information Source,TBA 211,
owl:Class,subclass,BFO:0000178,VO:00212,http://purl.org/spar/c4o/GlobalCitationCount,Global Citation Count,TBA 212,
owl:Class,subclass,BFO:0000179,VO:00213,http://purl.org/spar/fabio/ClinicalGuideline,Clinical Guideline,TBA 213,
owl:Class,subclass,BFO:0000180,VO:00214,http://purl.org/spar/fabio/Comment,Comment,TBA 214,
owl:Class,subclass,BFO:0000181,VO:00215,http://purl.org/spar/fabio/Erratum,Erratum,TBA 215,
owl:Class,subclass,BFO:0000182,VO:00216,http://vivoweb.org/ontology/core#Abstract,Abstract,TBA 216,
owl:Class,subclass,BFO:0000183,VO:00217,http://vivoweb.org/ontology/core#AcademicDegree,Academic Degree,TBA 217,
owl:Class,subclass,BFO:0000184,VO:00218,http://vivoweb.org/ontology/core#AcademicDepartment,Academic Department,TBA 218,
owl:Class,subclass,BFO:0000185,VO:00219,http://vivoweb.org/ontology/core#AcademicTerm,Academic Term,TBA 219,
owl:Class,subclass,BFO:0000186,VO:00220,http://vivoweb.org/ontology/core#AcademicYear,Academic Year,TBA 220,
owl:Class,subclass,BFO:0000187,VO:00221,http://vivoweb.org/ontology/core#AdministratorRole,Administrator Role,TBA 221,
owl:Class,subclass,BFO:0000188,VO:00222,http://vivoweb.org/ontology/core#AdviseeRole,Advisee Role,TBA 222,
owl:Class,subclass,BFO:0000189,VO:00223,http://vivoweb.org/ontology/core#AdvisingProcess,Advising Process,TBA 223,
owl:Class,subclass,BFO:0000190,VO:00224,http://vivoweb.org/ontology/core#AdvisingRelationship,Advising Relationship,TBA 224,
owl:Class,subclass,BFO:0000191,VO:00225,http://vivoweb.org/ontology/core#AdvisorRole,Advisor Role,TBA 225,
owl:Class,subclass,BFO:0000192,VO:00226,http://vivoweb.org/ontology/core#Association,Association,TBA 226,
owl:Class,subclass,BFO:0000193,VO:00227,http://vivoweb.org/ontology/core#AttendeeRole,Attendee Role,TBA 227,
owl:Class,subclass,BFO:0000194,VO:00228,http://vivoweb.org/ontology/core#AttendingProcess,Attending Process,TBA 228,
owl:Class,subclass,BFO:0000195,VO:00229,http://vivoweb.org/ontology/core#Authorship,Authorship,TBA 229,
owl:Class,subclass,BFO:0000196,VO:00230,http://vivoweb.org/ontology/core#Award,Award or Honor,TBA 230,
owl:Class,subclass,BFO:0000197,VO:00231,http://vivoweb.org/ontology/core#AwardReceipt,Award or Honor Receipt,TBA 231,
owl:Class,subclass,BFO:0000198,VO:00232,http://vivoweb.org/ontology/core#AwardedDegree,Awarded Degree,TBA 232,
owl:Class,subclass,BFO:0000199,VO:00233,http://vivoweb.org/ontology/core#Blog,Blog,TBA 233,
owl:Class,subclass,BFO:0000200,VO:00234,http://vivoweb.org/ontology/core#BlogPosting,Blog Posting,TBA 234,
owl:Class,subclass,BFO:0000201,VO:00235,http://vivoweb.org/ontology/core#Building,Building,TBA 235,
owl:Class,subclass,BFO:0000202,VO:00236,http://vivoweb.org/ontology/core#Campus,Campus,TBA 236,
owl:Class,subclass,BFO:0000203,VO:00237,http://vivoweb.org/ontology/core#CaseStudy,Case Study,TBA 237,
owl:Class,subclass,BFO:0000204,VO:00238,http://vivoweb.org/ontology/core#Catalog,Catalog,TBA 238,
owl:Class,subclass,BFO:0000205,VO:00239,http://vivoweb.org/ontology/core#Center,Center,TBA 239,
owl:Class,subclass,BFO:0000206,VO:00240,http://vivoweb.org/ontology/core#Certificate,Certificate,TBA 240,
owl:Class,subclass,BFO:0000207,VO:00241,http://vivoweb.org/ontology/core#Certification,Certification,TBA 241,
owl:Class,subclass,BFO:0000208,VO:00242,http://vivoweb.org/ontology/core#ClinicalOrganization,Clinical Organization,TBA 242,
owl:Class,subclass,BFO:0000209,VO:00243,http://vivoweb.org/ontology/core#ClinicalRole,Clinical Role,TBA 243,
owl:Class,subclass,BFO:0000210,VO:00244,http://vivoweb.org/ontology/core#CoPrincipalInvestigatorRole,Co-Principal Investigator Role,TBA 244,
owl:Class,subclass,BFO:0000211,VO:00245,http://vivoweb.org/ontology/core#College,College,TBA 245,
owl:Class,subclass,BFO:0000212,VO:00246,http://vivoweb.org/ontology/core#Committee,Committee,TBA 246,
owl:Class,subclass,BFO:0000213,VO:00247,http://vivoweb.org/ontology/core#Company,Company,TBA 247,
owl:Class,subclass,BFO:0000214,VO:00248,http://vivoweb.org/ontology/core#Competition,Competition,TBA 248,
owl:Class,subclass,BFO:0000215,VO:00249,http://vivoweb.org/ontology/core#ConferencePaper,Conference Paper,TBA 249,
owl:Class,subclass,BFO:0000216,VO:00250,http://vivoweb.org/ontology/core#ConferencePoster,Conference Poster,TBA 250,
owl:Class,subclass,BFO:0000217,VO:00251,http://vivoweb.org/ontology/core#ConferenceSeries,Conference Series,TBA 251,
owl:Class,subclass,BFO:0000218,VO:00252,http://vivoweb.org/ontology/core#Consortium,Consortium,TBA 252,
owl:Class,subclass,BFO:0000219,VO:00253,http://vivoweb.org/ontology/core#Continent,Continent,TBA 253,
owl:Class,subclass,BFO:0000220,VO:00254,http://vivoweb.org/ontology/core#Contract,Contract,TBA 254,
owl:Class,subclass,BFO:0000221,VO:00255,http://vivoweb.org/ontology/core#CoreLaboratory,Core Laboratory,TBA 255,
owl:Class,subclass,BFO:0000222,VO:00256,http://vivoweb.org/ontology/core#Country,Country,TBA 256,
owl:Class,subclass,BFO:0000223,VO:00257,http://vivoweb.org/ontology/core#County,County,TBA 257,
owl:Class,subclass,BFO:0000224,VO:00258,http://vivoweb.org/ontology/core#Course,Course,TBA 258,
owl:Class,subclass,BFO:0000225,VO:00259,http://vivoweb.org/ontology/core#Credential,Credential,TBA 259,
owl:Class,subclass,BFO:0000226,VO:00260,http://vivoweb.org/ontology/core#Database,Database,TBA 260,
owl:Class,subclass,BFO:0000227,VO:00261,http://vivoweb.org/ontology/core#Dataset,Dataset,TBA 261,
owl:Class,subclass,BFO:0000228,VO:00262,http://vivoweb.org/ontology/core#DateTimeInterval,Date/Time Interval,TBA 262,
owl:Class,subclass,BFO:0000229,VO:00263,http://vivoweb.org/ontology/core#DateTimeValue,Date/Time Value,TBA 263,
owl:Class,subclass,BFO:0000230,VO:00264,http://vivoweb.org/ontology/core#DateTimeValuePrecision,Date/Time Value Precision,TBA 264,
owl:Class,subclass,BFO:0000231,VO:00265,http://vivoweb.org/ontology/core#Department,Department,TBA 265,
owl:Class,subclass,BFO:0000232,VO:00266,http://vivoweb.org/ontology/core#Division,Division,TBA 266,
owl:Class,subclass,BFO:0000233,VO:00267,http://vivoweb.org/ontology/core#EditorRole,Editor Role,TBA 267,
owl:Class,subclass,BFO:0000234,VO:00268,http://vivoweb.org/ontology/core#EditorialArticle,Editorial Article,TBA 268,
owl:Class,subclass,BFO:0000235,VO:00269,http://vivoweb.org/ontology/core#Editorship,Editorship,TBA 269,
owl:Class,subclass,BFO:0000236,VO:00270,http://vivoweb.org/ontology/core#EducationalProcess,Educational Process,TBA 270,
owl:Class,subclass,BFO:0000237,VO:00271,http://vivoweb.org/ontology/core#EmeritusFaculty,Faculty Member Emeritus,TBA 271,
owl:Class,subclass,BFO:0000238,VO:00272,http://vivoweb.org/ontology/core#EmeritusLibrarian,Librarian Emeritus,TBA 272,
owl:Class,subclass,BFO:0000239,VO:00273,http://vivoweb.org/ontology/core#EmeritusProfessor,Professor Emeritus,TBA 273,
owl:Class,subclass,BFO:0000240,VO:00274,http://vivoweb.org/ontology/core#Equipment,Equipment,TBA 274,
owl:Class,subclass,BFO:0000241,VO:00275,http://vivoweb.org/ontology/core#EventSeries,Event Series,TBA 275,
owl:Class,subclass,BFO:0000242,VO:00276,http://vivoweb.org/ontology/core#Exhibit,Exhibit,TBA 276,
owl:Class,subclass,BFO:0000243,VO:00277,http://vivoweb.org/ontology/core#ExtensionUnit,Extension Unit,TBA 277,
owl:Class,subclass,BFO:0000244,VO:00278,http://vivoweb.org/ontology/core#F1000Link,F1000 Link,TBA 278,
owl:Class,subclass,BFO:0000245,VO:00279,http://vivoweb.org/ontology/core#Facility,Facility,TBA 279,
owl:Class,subclass,BFO:0000246,VO:00280,http://vivoweb.org/ontology/core#FacultyAdministrativePosition,Faculty Administrative Position,TBA 280,
owl:Class,subclass,BFO:0000247,VO:00281,http://vivoweb.org/ontology/core#FacultyMember,Faculty Member,TBA 281,
owl:Class,subclass,BFO:0000248,VO:00282,http://vivoweb.org/ontology/core#FacultyMentoringRelationship,Faculty Mentoring Relationship,TBA 282,
owl:Class,subclass,BFO:0000249,VO:00283,http://vivoweb.org/ontology/core#FacultyPosition,Faculty Position,TBA 283,
owl:Class,subclass,BFO:0000250,VO:00284,http://vivoweb.org/ontology/core#Foundation,Foundation,TBA 284,
owl:Class,subclass,BFO:0000251,VO:00285,http://vivoweb.org/ontology/core#FundingOrganization,Funding Organization,TBA 285,
owl:Class,subclass,BFO:0000252,VO:00286,http://vivoweb.org/ontology/core#GeographicLocation,Geographic Location,TBA 286,
owl:Class,subclass,BFO:0000253,VO:00287,http://vivoweb.org/ontology/core#GeographicRegion,Geographic Region,TBA 287,
owl:Class,subclass,BFO:0000254,VO:00288,http://vivoweb.org/ontology/core#GeopoliticalEntity,Geopolitical Entity,TBA 288,
owl:Class,subclass,BFO:0000255,VO:00289,http://vivoweb.org/ontology/core#GovernmentAgency,Government Agency,TBA 289,
owl:Class,subclass,BFO:0000256,VO:00290,http://vivoweb.org/ontology/core#GraduateAdvisingRelationship,Graduate Advising Relationship,TBA 290,
owl:Class,subclass,BFO:0000257,VO:00291,http://vivoweb.org/ontology/core#GraduateStudent,Graduate Student,TBA 291,
owl:Class,subclass,BFO:0000258,VO:00292,http://vivoweb.org/ontology/core#Grant,Grant,TBA 292,
owl:Class,subclass,BFO:0000259,VO:00293,http://vivoweb.org/ontology/core#Hospital,Hospital,TBA 293,
owl:Class,subclass,BFO:0000260,VO:00294,http://vivoweb.org/ontology/core#Institute,Institute,TBA 294,
owl:Class,subclass,BFO:0000261,VO:00295,http://vivoweb.org/ontology/core#Internship,Internship,TBA 295,
owl:Class,subclass,BFO:0000262,VO:00296,http://vivoweb.org/ontology/core#InvestigatorRole,Investigator Role,TBA 296,
owl:Class,subclass,BFO:0000263,VO:00297,http://vivoweb.org/ontology/core#InvitedTalk,Invited Talk,TBA 297,
owl:Class,subclass,BFO:0000264,VO:00298,http://vivoweb.org/ontology/core#IssuedCredential,Issued Credential,TBA 298,
owl:Class,subclass,BFO:0000265,VO:00299,http://vivoweb.org/ontology/core#Laboratory,Laboratory,TBA 299,
owl:Class,subclass,BFO:0000266,VO:00300,http://vivoweb.org/ontology/core#LeaderRole,Leader Role,TBA 300,
owl:Class,subclass,BFO:0000267,VO:00301,http://vivoweb.org/ontology/core#Librarian,Librarian,TBA 301,
owl:Class,subclass,BFO:0000268,VO:00302,http://vivoweb.org/ontology/core#LibrarianPosition,Librarian Position,TBA 302,
owl:Class,subclass,BFO:0000269,VO:00303,http://vivoweb.org/ontology/core#Library,Library,TBA 303,
owl:Class,subclass,BFO:0000270,VO:00304,http://vivoweb.org/ontology/core#License,License,TBA 304,
owl:Class,subclass,BFO:0000271,VO:00305,http://vivoweb.org/ontology/core#Licensure,Licensure,TBA 305,
owl:Class,subclass,BFO:0000272,VO:00306,http://vivoweb.org/ontology/core#Location,Location,TBA 306,
owl:Class,subclass,BFO:0000273,VO:00307,http://vivoweb.org/ontology/core#MedicalResidency,Medical Residency,TBA 307,
owl:Class,subclass,BFO:0000274,VO:00308,http://vivoweb.org/ontology/core#Meeting,Meeting,TBA 308,
owl:Class,subclass,BFO:0000275,VO:00309,http://vivoweb.org/ontology/core#MemberRole,Member Role,TBA 309,
owl:Class,subclass,BFO:0000276,VO:00310,http://vivoweb.org/ontology/core#Museum,Museum,TBA 310,
owl:Class,subclass,BFO:0000277,VO:00311,http://vivoweb.org/ontology/core#NewsRelease,News Release,TBA 311,
owl:Class,subclass,BFO:0000278,VO:00312,http://vivoweb.org/ontology/core#Newsletter,Newsletter,TBA 312,
owl:Class,subclass,BFO:0000279,VO:00313,http://vivoweb.org/ontology/core#NonAcademic,Non-Academic,TBA 313,
owl:Class,subclass,BFO:0000280,VO:00314,http://vivoweb.org/ontology/core#NonAcademicPosition,Non-Academic Position,TBA 314,
owl:Class,subclass,BFO:0000281,VO:00315,http://vivoweb.org/ontology/core#NonFacultyAcademic,Non-Faculty Academic,TBA 315,
owl:Class,subclass,BFO:0000282,VO:00316,http://vivoweb.org/ontology/core#NonFacultyAcademicPosition,Non-Faculty Academic Position,TBA 316,
owl:Class,subclass,BFO:0000283,VO:00317,http://vivoweb.org/ontology/core#OrganizerRole,Organizer Role,TBA 317,
owl:Class,subclass,BFO:0000284,VO:00318,http://vivoweb.org/ontology/core#OrganizingProcess,Organizing Process,TBA 318,
owl:Class,subclass,BFO:0000285,VO:00319,http://vivoweb.org/ontology/core#OutreachProviderRole,Outreach Provider Role,TBA 319,
owl:Class,subclass,BFO:0000286,VO:00320,http://vivoweb.org/ontology/core#PeerReviewerRole,Peer Reviewer Role,TBA 320,
owl:Class,subclass,BFO:0000287,VO:00321,http://vivoweb.org/ontology/core#PopulatedPlace,Populated Place,TBA 321,
owl:Class,subclass,BFO:0000288,VO:00322,http://vivoweb.org/ontology/core#Position,Position,TBA 322,
owl:Class,subclass,BFO:0000289,VO:00323,http://vivoweb.org/ontology/core#Postdoc,Postdoc,TBA 323,
owl:Class,subclass,BFO:0000290,VO:00324,http://vivoweb.org/ontology/core#PostdocOrFellowAdvisingRelationship,Postdoc or Fellow Advising Relationship,TBA 324,
owl:Class,subclass,BFO:0000291,VO:00325,http://vivoweb.org/ontology/core#PostdocPosition,Postdoctoral Position,TBA 325,
owl:Class,subclass,BFO:0000292,VO:00326,http://vivoweb.org/ontology/core#PostdoctoralTraining,Postdoctoral Training,TBA 326,
owl:Class,subclass,BFO:0000293,VO:00327,http://vivoweb.org/ontology/core#Presentation,Presentation,TBA 327,
owl:Class,subclass,BFO:0000294,VO:00328,http://vivoweb.org/ontology/core#PresenterRole,Presenter Role,TBA 328,
owl:Class,subclass,BFO:0000295,VO:00329,http://vivoweb.org/ontology/core#PresentingProcess,Presenting Process,TBA 329,
owl:Class,subclass,BFO:0000296,VO:00330,http://vivoweb.org/ontology/core#PrimaryPosition,Primary Position,TBA 330,
owl:Class,subclass,BFO:0000297,VO:00331,http://vivoweb.org/ontology/core#PrincipalInvestigatorRole,Principal Investigator Role,TBA 331,
owl:Class,subclass,BFO:0000298,VO:00332,http://vivoweb.org/ontology/core#PrivateCompany,Private Company,TBA 332,
owl:Class,subclass,BFO:0000299,VO:00333,http://vivoweb.org/ontology/core#Program,Program,TBA 333,
owl:Class,subclass,BFO:0000300,VO:00334,http://vivoweb.org/ontology/core#Project,Project,TBA 334,
owl:Class,subclass,BFO:0000301,VO:00335,http://vivoweb.org/ontology/core#Publisher,Publisher,TBA 335,
owl:Class,subclass,BFO:0000302,VO:00336,http://vivoweb.org/ontology/core#Relationship,Relationship,TBA 336,
owl:Class,subclass,BFO:0000303,VO:00337,http://vivoweb.org/ontology/core#ResearchOrganization,Research Organization,TBA 337,
owl:Class,subclass,BFO:0000304,VO:00338,http://vivoweb.org/ontology/core#ResearchProposal,Research Proposal,TBA 338,
owl:Class,subclass,BFO:0000305,VO:00339,http://vivoweb.org/ontology/core#ResearcherRole,Researcher Role,TBA 339,
owl:Class,subclass,BFO:0000306,VO:00340,http://vivoweb.org/ontology/core#Review,Review,TBA 340,
owl:Class,subclass,BFO:0000307,VO:00341,http://vivoweb.org/ontology/core#ReviewerRole,Reviewer Role,TBA 341,
owl:Class,subclass,BFO:0000308,VO:00342,http://vivoweb.org/ontology/core#Room,Room,TBA 342,
owl:Class,subclass,BFO:0000309,VO:00343,http://vivoweb.org/ontology/core#School,School,TBA 343,
owl:Class,subclass,BFO:0000310,VO:00344,http://vivoweb.org/ontology/core#Score,Score,TBA 344,
owl:Class,subclass,BFO:0000311,VO:00345,http://vivoweb.org/ontology/core#Screenplay,Screenplay,TBA 345,
owl:Class,subclass,BFO:0000312,VO:00346,http://vivoweb.org/ontology/core#SeminarSeries,Seminar Series,TBA 346,
owl:Class,subclass,BFO:0000313,VO:00347,http://vivoweb.org/ontology/core#ServiceProvidingLaboratory,Service Providing Lab,TBA 347,
owl:Class,subclass,BFO:0000314,VO:00348,http://vivoweb.org/ontology/core#Speech,Speech,TBA 348,
owl:Class,subclass,BFO:0000315,VO:00349,http://vivoweb.org/ontology/core#StateOrProvince,State or Province,TBA 349,
owl:Class,subclass,BFO:0000316,VO:00350,http://vivoweb.org/ontology/core#Student,Student,TBA 350,
owl:Class,subclass,BFO:0000317,VO:00351,http://vivoweb.org/ontology/core#StudentOrganization,Student Organization,TBA 351,
owl:Class,subclass,BFO:0000318,VO:00352,http://vivoweb.org/ontology/core#SubnationalRegion,Subnational Region,TBA 352,
owl:Class,subclass,BFO:0000319,VO:00353,http://vivoweb.org/ontology/core#TeacherRole,Teacher Role,TBA 353,
owl:Class,subclass,BFO:0000320,VO:00354,http://vivoweb.org/ontology/core#Team,Team,TBA 354,
owl:Class,subclass,BFO:0000321,VO:00355,http://vivoweb.org/ontology/core#Translation,Translation,TBA 355,
owl:Class,subclass,BFO:0000322,VO:00356,http://vivoweb.org/ontology/core#UndergraduateAdvisingRelationship,Undergraduate Advising Relationship,TBA 356,
owl:Class,subclass,BFO:0000323,VO:00357,http://vivoweb.org/ontology/core#UndergraduateStudent,Undergraduate Student,TBA 357,
owl:Class,subclass,BFO:0000324,VO:00358,http://vivoweb.org/ontology/core#University,University,TBA 358,
owl:Class,subclass,BFO:0000325,VO:00359,http://vivoweb.org/ontology/core#Video,Video,TBA 359,
owl:Class,subclass,BFO:0000326,VO:00360,http://vivoweb.org/ontology/core#WorkingPaper,Working Paper,TBA 360,
owl:Class,subclass,BFO:0000327,VO:00361,http://vivoweb.org/ontology/core#WorkshopSeries,Workshop Series,TBA 361,
owl:Class,subclass,BFO:0000328,VO:00362,http://vivoweb.org/ontology/scientific-research#Phase0ClinicalTrial,Phase 0 Clinical Trial,TBA 362,
owl:Class,subclass,BFO:0000329,VO:00363,http://vivoweb.org/ontology/scientific-research#Phase1ClinicalTrial,Phase 1 Clinical Trial,TBA 363,
owl:Class,subclass,BFO:0000330,VO:00364,http://vivoweb.org/ontology/scientific-research#Phase2ClinicalTrial,Phase 2 Clinical Trial,TBA 364,
owl:Class,subclass,BFO:0000331,VO:00365,http://vivoweb.org/ontology/scientific-research#Phase3ClinicalTrial,Phase 3 Clinical Trial,TBA 365,
owl:Class,subclass,BFO:0000332,VO:00366,http://vivoweb.org/ontology/scientific-research#Phase4ClinicalTrial,Phase 4 Clinical Trial,TBA 366,
owl:Class,subclass,BFO:0000333,VO:00367,http://www.geneontology.org/formats/oboInOwl#DbXref,DBXref,TBA 367,
owl:Class,subclass,BFO:0000334,VO:00368,http://www.geneontology.org/formats/oboInOwl#Definition,Definition,TBA 368,
owl:Class,subclass,BFO:0000335,VO:00369,http://www.geneontology.org/formats/oboInOwl#Synonym,Synonym,TBA 369,
owl:Class,subclass,BFO:0000336,VO:00370,http://www.geneontology.org/formats/oboInOwl#SynonymType,Synonym Type,TBA 370,
owl:Class,subclass,BFO:0000337,VO:00371,http://www.w3.org/2004/02/skos/core#Concept,Concept,TBA 371,
owl:Class,subclass,BFO:0000338,VO:00372,http://www.w3.org/2006/vcard/ns#Acquaintance,Acquaintance,TBA 372,
owl:Class,subclass,BFO:0000339,VO:00373,http://www.w3.org/2006/vcard/ns#Address,Address,TBA 373,
owl:Class,subclass,BFO:0000340,VO:00374,http://www.w3.org/2006/vcard/ns#Addressing,Addressing,TBA 374,
owl:Class,subclass,BFO:0000341,VO:00375,http://www.w3.org/2006/vcard/ns#Agent,Agent,TBA 375,
owl:Class,subclass,BFO:0000342,VO:00376,http://www.w3.org/2006/vcard/ns#Calendar,Calendar,TBA 376,
owl:Class,subclass,BFO:0000343,VO:00377,http://www.w3.org/2006/vcard/ns#CalendarBusy,Calendar Busy,TBA 377,
owl:Class,subclass,BFO:0000344,VO:00378,http://www.w3.org/2006/vcard/ns#CalendarLink,Calendar Link,TBA 378,
owl:Class,subclass,BFO:0000345,VO:00379,http://www.w3.org/2006/vcard/ns#CalendarRequest,Calendar Request,TBA 379,
owl:Class,subclass,BFO:0000346,VO:00380,http://www.w3.org/2006/vcard/ns#Category,Category,TBA 380,
owl:Class,subclass,BFO:0000347,VO:00381,http://www.w3.org/2006/vcard/ns#Cell,Cell,TBA 381,
owl:Class,subclass,BFO:0000348,VO:00382,http://www.w3.org/2006/vcard/ns#Child,Child,TBA 382,
owl:Class,subclass,BFO:0000349,VO:00383,http://www.w3.org/2006/vcard/ns#Code,Code,TBA 383,
owl:Class,subclass,BFO:0000350,VO:00384,http://www.w3.org/2006/vcard/ns#Colleague,Colleague,TBA 384,
owl:Class,subclass,BFO:0000351,VO:00385,http://www.w3.org/2006/vcard/ns#Communication,Communication,TBA 385,
owl:Class,subclass,BFO:0000352,VO:00386,http://www.w3.org/2006/vcard/ns#Contact,Contact,TBA 386,
owl:Class,subclass,BFO:0000353,VO:00387,http://www.w3.org/2006/vcard/ns#Coresident,Coresident,TBA 387,
owl:Class,subclass,BFO:0000354,VO:00388,http://www.w3.org/2006/vcard/ns#Coworker,Coworker,TBA 388,
owl:Class,subclass,BFO:0000355,VO:00389,http://www.w3.org/2006/vcard/ns#Crush,Crush,TBA 389,
owl:Class,subclass,BFO:0000356,VO:00390,http://www.w3.org/2006/vcard/ns#Date,Date,TBA 390,
owl:Class,subclass,BFO:0000357,VO:00391,http://www.w3.org/2006/vcard/ns#Email,Email,TBA 391,
owl:Class,subclass,BFO:0000358,VO:00392,http://www.w3.org/2006/vcard/ns#Emergency,Emergency,TBA 392,
owl:Class,subclass,BFO:0000359,VO:00393,http://www.w3.org/2006/vcard/ns#Explanatory,Explanatory,TBA 393,
owl:Class,subclass,BFO:0000360,VO:00394,http://www.w3.org/2006/vcard/ns#Fax,Fax,TBA 394,
owl:Class,subclass,BFO:0000361,VO:00395,http://www.w3.org/2006/vcard/ns#Female,Female,TBA 395,
owl:Class,subclass,BFO:0000362,VO:00396,http://www.w3.org/2006/vcard/ns#FormattedName,Formatted Name,TBA 396,
owl:Class,subclass,BFO:0000363,VO:00397,http://www.w3.org/2006/vcard/ns#Friend,Friend,TBA 397,
owl:Class,subclass,BFO:0000364,VO:00398,http://www.w3.org/2006/vcard/ns#Gender,Gender,TBA 398,
owl:Class,subclass,BFO:0000365,VO:00399,http://www.w3.org/2006/vcard/ns#Geo,Geo,TBA 399,
owl:Class,subclass,BFO:0000366,VO:00400,http://www.w3.org/2006/vcard/ns#Geographical,Geographical,TBA 400,
owl:Class,subclass,BFO:0000367,VO:00401,http://www.w3.org/2006/vcard/ns#Group,Group,TBA 401,
owl:Class,subclass,BFO:0000368,VO:00402,http://www.w3.org/2006/vcard/ns#Home,Home,TBA 402,
owl:Class,subclass,BFO:0000369,VO:00403,http://www.w3.org/2006/vcard/ns#Identification,Identification,TBA 403,
owl:Class,subclass,BFO:0000370,VO:00404,http://www.w3.org/2006/vcard/ns#Individual,Individual,TBA 404,
owl:Class,subclass,BFO:0000371,VO:00405,http://www.w3.org/2006/vcard/ns#InstantMessage,Messaging,TBA 405,
owl:Class,subclass,BFO:0000372,VO:00406,http://www.w3.org/2006/vcard/ns#Key,Key,TBA 406,
owl:Class,subclass,BFO:0000373,VO:00407,http://www.w3.org/2006/vcard/ns#Kin,Kin,TBA 407,
owl:Class,subclass,BFO:0000374,VO:00408,http://www.w3.org/2006/vcard/ns#Kind,VCard Kind,TBA 408,
owl:Class,subclass,BFO:0000375,VO:00409,http://www.w3.org/2006/vcard/ns#Language,Language,TBA 409,
owl:Class,subclass,BFO:0000376,VO:00410,http://www.w3.org/2006/vcard/ns#Location,Location,TBA 410,
owl:Class,subclass,BFO:0000377,VO:00411,http://www.w3.org/2006/vcard/ns#Logo,Logo,TBA 411,
owl:Class,subclass,BFO:0000378,VO:00412,http://www.w3.org/2006/vcard/ns#Male,Male,TBA 412,
owl:Class,subclass,BFO:0000379,VO:00413,http://www.w3.org/2006/vcard/ns#Me,Me,TBA 413,
owl:Class,subclass,BFO:0000380,VO:00414,http://www.w3.org/2006/vcard/ns#Met,Met,TBA 414,
owl:Class,subclass,BFO:0000381,VO:00415,http://www.w3.org/2006/vcard/ns#Muse,Muse,TBA 415,
owl:Class,subclass,BFO:0000382,VO:00416,http://www.w3.org/2006/vcard/ns#Name,Name,TBA 416,
owl:Class,subclass,BFO:0000383,VO:00417,http://www.w3.org/2006/vcard/ns#Neighbor,Neighbor,TBA 417,
owl:Class,subclass,BFO:0000384,VO:00418,http://www.w3.org/2006/vcard/ns#Nickname,Nickname,TBA 418,
owl:Class,subclass,BFO:0000385,VO:00419,http://www.w3.org/2006/vcard/ns#None,None,TBA 419,
owl:Class,subclass,BFO:0000386,VO:00420,http://www.w3.org/2006/vcard/ns#Note,Note,TBA 420,
owl:Class,subclass,BFO:0000387,VO:00421,http://www.w3.org/2006/vcard/ns#Organization,Organization,TBA 421,
owl:Class,subclass,BFO:0000388,VO:00422,http://www.w3.org/2006/vcard/ns#OrganizationName,Organization Name,TBA 422,
owl:Class,subclass,BFO:0000389,VO:00423,http://www.w3.org/2006/vcard/ns#OrganizationUnitName,Organizational Unit Name,TBA 423,
owl:Class,subclass,BFO:0000390,VO:00424,http://www.w3.org/2006/vcard/ns#Organizational,Organizational,TBA 424,
owl:Class,subclass,BFO:0000391,VO:00425,http://www.w3.org/2006/vcard/ns#Other,Other,TBA 425,
owl:Class,subclass,BFO:0000392,VO:00426,http://www.w3.org/2006/vcard/ns#Pager,Pager,TBA 426,
owl:Class,subclass,BFO:0000393,VO:00427,http://www.w3.org/2006/vcard/ns#Parent,Parent,TBA 427,
owl:Class,subclass,BFO:0000394,VO:00428,http://www.w3.org/2006/vcard/ns#Photo,Photo,TBA 428,
owl:Class,subclass,BFO:0000395,VO:00429,http://www.w3.org/2006/vcard/ns#Related,Related,TBA 429,
owl:Class,subclass,BFO:0000396,VO:00430,http://www.w3.org/2006/vcard/ns#RelatedType,Relation Type,TBA 430,
owl:Class,subclass,BFO:0000397,VO:00431,http://www.w3.org/2006/vcard/ns#Role,Role,TBA 431,
owl:Class,subclass,BFO:0000398,VO:00432,http://www.w3.org/2006/vcard/ns#Security,Security,TBA 432,
owl:Class,subclass,BFO:0000399,VO:00433,http://www.w3.org/2006/vcard/ns#Sibling,Sibling,TBA 433,
owl:Class,subclass,BFO:0000400,VO:00434,http://www.w3.org/2006/vcard/ns#Sound,Sound,TBA 434,
owl:Class,subclass,BFO:0000401,VO:00435,http://www.w3.org/2006/vcard/ns#Spouse,Spouse,TBA 435,
owl:Class,subclass,BFO:0000402,VO:00436,http://www.w3.org/2006/vcard/ns#Sweetheart,Sweetheart,TBA 436,
owl:Class,subclass,BFO:0000403,VO:00437,http://www.w3.org/2006/vcard/ns#Telephone,Telephone,TBA 437,
owl:Class,subclass,BFO:0000404,VO:00438,http://www.w3.org/2006/vcard/ns#TelephoneType,Telephone Type,TBA 438,
owl:Class,subclass,BFO:0000405,VO:00439,http://www.w3.org/2006/vcard/ns#Text,Text,TBA 439,
owl:Class,subclass,BFO:0000406,VO:00440,http://www.w3.org/2006/vcard/ns#TextPhone,Text Phone,TBA 440,
owl:Class,subclass,BFO:0000407,VO:00441,http://www.w3.org/2006/vcard/ns#TimeZone,Time Zone,TBA 441,
owl:Class,subclass,BFO:0000408,VO:00442,http://www.w3.org/2006/vcard/ns#Title,Title,TBA 442,
owl:Class,subclass,BFO:0000409,VO:00443,http://www.w3.org/2006/vcard/ns#Type,Type,TBA 443,
owl:Class,subclass,BFO:0000410,VO:00444,http://www.w3.org/2006/vcard/ns#URL,URL,TBA 444,
owl:Class,subclass,BFO:0000411,VO:00445,http://www.w3.org/2006/vcard/ns#Unknown,Unknown,TBA 445,
owl:Class,subclass,BFO:0000412,VO:00446,http://www.w3.org/2006/vcard/ns#Video,Video,TBA 446,
owl:Class,subclass,BFO:0000413,VO:00447,http://www.w3.org/2006/vcard/ns#Voice,Voice,TBA 447,
owl:Class,subclass,BFO:0000414,VO:00448,http://www.w3.org/2006/vcard/ns#Work,Work,TBA 448,
owl:Class,subclass,BFO:0000415,VO:00449,http://xmlns.com/foaf/0.1/Agent,Agent,TBA 449,
owl:Class,subclass,BFO:0000416,VO:00450,http://xmlns.com/foaf/0.1/Group,Group,TBA 450,
owl:Class,subclass,BFO:0000417,VO:00451,http://xmlns.com/foaf/0.1/Organization,Organization,TBA 451,
owl:Class,subclass,BFO:0000418,VO:00452,http://xmlns.com/foaf/0.1/Person,Person,TBA 452,
owl:DatatypeProperty,,,VO:00453,http://aims.fao.org/aos/geopolitical.owl#GDP,GDP,TBA 453,
owl:DatatypeProperty,,,VO:00454,http://aims.fao.org/aos/geopolitical.owl#GDPNotes,GDP notes,TBA 454,
owl:DatatypeProperty,,,VO:00455,http://aims.fao.org/aos/geopolitical.owl#GDPTotalInCurrentPrices,GDP total in current prices,TBA 455,
owl:DatatypeProperty,,,VO:00456,http://aims.fao.org/aos/geopolitical.owl#GDPUnit,GDP unit,TBA 456,
owl:DatatypeProperty,,,VO:00457,http://aims.fao.org/aos/geopolitical.owl#GDPYear,GDPYear,TBA 457,
owl:DatatypeProperty,,,VO:00458,http://aims.fao.org/aos/geopolitical.owl#HDI,HDI,TBA 458,
owl:DatatypeProperty,,,VO:00459,http://aims.fao.org/aos/geopolitical.owl#HDINotes,HDI Notes,TBA 459,
owl:DatatypeProperty,,,VO:00460,http://aims.fao.org/aos/geopolitical.owl#HDITotal,HDI Total,TBA 460,
owl:DatatypeProperty,,,VO:00461,http://aims.fao.org/aos/geopolitical.owl#HDIUnit,HDI Unit,TBA 461,
owl:DatatypeProperty,,,VO:00462,http://aims.fao.org/aos/geopolitical.owl#HDIYear,HDI Year,TBA 462,
owl:DatatypeProperty,,,VO:00463,http://aims.fao.org/aos/geopolitical.owl#agriculturalArea,agricultural area,TBA 463,
owl:DatatypeProperty,,,VO:00464,http://aims.fao.org/aos/geopolitical.owl#agriculturalAreaNotes,agricultural area notes,TBA 464,
owl:DatatypeProperty,,,VO:00465,http://aims.fao.org/aos/geopolitical.owl#agriculturalAreaTotal,agriculturalAreaTotal,TBA 465,
owl:DatatypeProperty,,,VO:00466,http://aims.fao.org/aos/geopolitical.owl#agriculturalAreaUnit,agricultural area unit,TBA 466,
owl:DatatypeProperty,,,VO:00467,http://aims.fao.org/aos/geopolitical.owl#agriculturalAreaYear,agriculturalAreaYear,TBA 467,
owl:DatatypeProperty,,,VO:00468,http://aims.fao.org/aos/geopolitical.owl#codeAGROVOC,codeAGROVOC,TBA 468,
owl:DatatypeProperty,,,VO:00469,http://aims.fao.org/aos/geopolitical.owl#codeCurrency,codeCurrency,TBA 469,
owl:DatatypeProperty,,,VO:00470,http://aims.fao.org/aos/geopolitical.owl#codeDBPediaID,codeDBPediaID,TBA 470,
owl:DatatypeProperty,,,VO:00471,http://aims.fao.org/aos/geopolitical.owl#codeFAOSTAT,codeFAOSTAT,TBA 471,
owl:DatatypeProperty,,,VO:00472,http://aims.fao.org/aos/geopolitical.owl#codeFAOTERM,codeFAOTERM,TBA 472,
owl:DatatypeProperty,,,VO:00473,http://aims.fao.org/aos/geopolitical.owl#codeGAUL,codeGAUL,TBA 473,
owl:DatatypeProperty,,,VO:00474,http://aims.fao.org/aos/geopolitical.owl#codeISO2,codeISO2,TBA 474,
owl:DatatypeProperty,,,VO:00475,http://aims.fao.org/aos/geopolitical.owl#codeISO3,codeISO3,TBA 475,
owl:DatatypeProperty,,,VO:00476,http://aims.fao.org/aos/geopolitical.owl#codeUN,codeUN,TBA 476,
owl:DatatypeProperty,,,VO:00477,http://aims.fao.org/aos/geopolitical.owl#codeUNDP,codeUNDP,TBA 477,
owl:DatatypeProperty,,,VO:00478,http://aims.fao.org/aos/geopolitical.owl#countryArea,countryArea,TBA 478,
owl:DatatypeProperty,,,VO:00479,http://aims.fao.org/aos/geopolitical.owl#countryAreaNotes,country area notes,TBA 479,
owl:DatatypeProperty,,,VO:00480,http://aims.fao.org/aos/geopolitical.owl#countryAreaTotal,total country area,TBA 480,
owl:DatatypeProperty,,,VO:00481,http://aims.fao.org/aos/geopolitical.owl#countryAreaUnit,country area unit,TBA 481,
owl:DatatypeProperty,,,VO:00482,http://aims.fao.org/aos/geopolitical.owl#countryAreaYear,countryAreaYear,TBA 482,
owl:DatatypeProperty,,,VO:00483,http://aims.fao.org/aos/geopolitical.owl#hasCode,has code,TBA 483,
owl:DatatypeProperty,,,VO:00484,http://aims.fao.org/aos/geopolitical.owl#hasCoordinate,has coordinate,TBA 484,
owl:DatatypeProperty,,,VO:00485,http://aims.fao.org/aos/geopolitical.owl#hasCurrency,has currency,TBA 485,
owl:DatatypeProperty,,,VO:00486,http://aims.fao.org/aos/geopolitical.owl#hasListName,has list name,TBA 486,
owl:DatatypeProperty,,,VO:00487,http://aims.fao.org/aos/geopolitical.owl#hasMaxLatitude,has maximum latitude,TBA 487,
owl:DatatypeProperty,,,VO:00488,http://aims.fao.org/aos/geopolitical.owl#hasMaxLongitude,has maximum longitude,TBA 488,
owl:DatatypeProperty,,,VO:00489,http://aims.fao.org/aos/geopolitical.owl#hasMinLatitude,has minimum latitude,TBA 489,
owl:DatatypeProperty,,,VO:00490,http://aims.fao.org/aos/geopolitical.owl#hasMinLongitude,has minimum longitude,TBA 490,
owl:DatatypeProperty,,,VO:00491,http://aims.fao.org/aos/geopolitical.owl#hasNationality,has nationality,TBA 491,
owl:DatatypeProperty,,,VO:00492,http://aims.fao.org/aos/geopolitical.owl#hasOfficialName,has official name,TBA 492,
owl:DatatypeProperty,,,VO:00493,http://aims.fao.org/aos/geopolitical.owl#hasShortName,has short name,TBA 493,
owl:DatatypeProperty,,,VO:00494,http://aims.fao.org/aos/geopolitical.owl#hasStatistics,has statistics,TBA 494,
owl:DatatypeProperty,,,VO:00495,http://aims.fao.org/aos/geopolitical.owl#landArea,land area,TBA 495,
owl:DatatypeProperty,,,VO:00496,http://aims.fao.org/aos/geopolitical.owl#landAreaNotes,land area notes,TBA 496,
owl:DatatypeProperty,,,VO:00497,http://aims.fao.org/aos/geopolitical.owl#landAreaTotal,total land area,TBA 497,
owl:DatatypeProperty,,,VO:00498,http://aims.fao.org/aos/geopolitical.owl#landAreaUnit,land area unit,TBA 498,
owl:DatatypeProperty,,,VO:00499,http://aims.fao.org/aos/geopolitical.owl#landAreaYear,landAreaYear,TBA 499,
owl:DatatypeProperty,,,VO:00500,http://aims.fao.org/aos/geopolitical.owl#nameCurrencyAR,nameCurrencyAR,TBA 500,
owl:DatatypeProperty,,,VO:00501,http://aims.fao.org/aos/geopolitical.owl#nameCurrencyEN,nameCurrencyEN,TBA 501,
owl:DatatypeProperty,,,VO:00502,http://aims.fao.org/aos/geopolitical.owl#nameCurrencyES,nameCurrencyES,TBA 502,
owl:DatatypeProperty,,,VO:00503,http://aims.fao.org/aos/geopolitical.owl#nameCurrencyFR,nameCurrencyFR,TBA 503,
owl:DatatypeProperty,,,VO:00504,http://aims.fao.org/aos/geopolitical.owl#nameCurrencyIT,nameCurrencyIT,TBA 504,
owl:DatatypeProperty,,,VO:00505,http://aims.fao.org/aos/geopolitical.owl#nameCurrencyRU,nameCurrencyRU,TBA 505,
owl:DatatypeProperty,,,VO:00506,http://aims.fao.org/aos/geopolitical.owl#nameCurrencyZH,nameCurrencyZH,TBA 506,
owl:DatatypeProperty,,,VO:00507,http://aims.fao.org/aos/geopolitical.owl#nameListAR,nameListAR,TBA 507,
owl:DatatypeProperty,,,VO:00508,http://aims.fao.org/aos/geopolitical.owl#nameListEN,nameListEN,TBA 508,
owl:DatatypeProperty,,,VO:00509,http://aims.fao.org/aos/geopolitical.owl#nameListES,nameListES,TBA 509,
owl:DatatypeProperty,,,VO:00510,http://aims.fao.org/aos/geopolitical.owl#nameListFR,nameListFR,TBA 510,
owl:DatatypeProperty,,,VO:00511,http://aims.fao.org/aos/geopolitical.owl#nameListIT,nameListIT,TBA 511,
owl:DatatypeProperty,,,VO:00512,http://aims.fao.org/aos/geopolitical.owl#nameListRU,nameListRU,TBA 512,
owl:DatatypeProperty,,,VO:00513,http://aims.fao.org/aos/geopolitical.owl#nameListZH,nameListZH,TBA 513,
owl:DatatypeProperty,,,VO:00514,http://aims.fao.org/aos/geopolitical.owl#nameOfficialAR,nameOfficialAR,TBA 514,
owl:DatatypeProperty,,,VO:00515,http://aims.fao.org/aos/geopolitical.owl#nameOfficialEN,nameOfficialEN,TBA 515,
owl:DatatypeProperty,,,VO:00516,http://aims.fao.org/aos/geopolitical.owl#nameOfficialES,nameOfficialES,TBA 516,
owl:DatatypeProperty,,,VO:00517,http://aims.fao.org/aos/geopolitical.owl#nameOfficialFR,nameOfficialFR,TBA 517,
owl:DatatypeProperty,,,VO:00518,http://aims.fao.org/aos/geopolitical.owl#nameOfficialIT,nameOfficialIT,TBA 518,
owl:DatatypeProperty,,,VO:00519,http://aims.fao.org/aos/geopolitical.owl#nameOfficialRU,nameOfficialRU,TBA 519,
owl:DatatypeProperty,,,VO:00520,http://aims.fao.org/aos/geopolitical.owl#nameOfficialZH,nameOfficialZH,TBA 520,
owl:DatatypeProperty,,,VO:00521,http://aims.fao.org/aos/geopolitical.owl#nameShortAR,nameShortAR,TBA 521,
owl:DatatypeProperty,,,VO:00522,http://aims.fao.org/aos/geopolitical.owl#nameShortEN,nameShortEN,TBA 522,
owl:DatatypeProperty,,,VO:00523,http://aims.fao.org/aos/geopolitical.owl#nameShortES,nameShortES,TBA 523,
owl:DatatypeProperty,,,VO:00524,http://aims.fao.org/aos/geopolitical.owl#nameShortFR,nameShortFR,TBA 524,
owl:DatatypeProperty,,,VO:00525,http://aims.fao.org/aos/geopolitical.owl#nameShortIT,nameShortIT,TBA 525,
owl:DatatypeProperty,,,VO:00526,http://aims.fao.org/aos/geopolitical.owl#nameShortRU,nameShortRU,TBA 526,
owl:DatatypeProperty,,,VO:00527,http://aims.fao.org/aos/geopolitical.owl#nameShortZH,nameShortZH,TBA 527,
owl:DatatypeProperty,,,VO:00528,http://aims.fao.org/aos/geopolitical.owl#nationalityAR,nationalityAR,TBA 528,
owl:DatatypeProperty,,,VO:00529,http://aims.fao.org/aos/geopolitical.owl#nationalityEN,nationalityEN,TBA 529,
owl:DatatypeProperty,,,VO:00530,http://aims.fao.org/aos/geopolitical.owl#nationalityES,nationalityES,TBA 530,
owl:DatatypeProperty,,,VO:00531,http://aims.fao.org/aos/geopolitical.owl#nationalityFR,nationalityFR,TBA 531,
owl:DatatypeProperty,,,VO:00532,http://aims.fao.org/aos/geopolitical.owl#nationalityIT,nationalityIT,TBA 532,
owl:DatatypeProperty,,,VO:00533,http://aims.fao.org/aos/geopolitical.owl#nationalityRU,nationalityRU,TBA 533,
owl:DatatypeProperty,,,VO:00534,http://aims.fao.org/aos/geopolitical.owl#nationalityZH,nationalityZH,TBA 534,
owl:DatatypeProperty,,,VO:00535,http://aims.fao.org/aos/geopolitical.owl#population,population,TBA 535,
owl:DatatypeProperty,,,VO:00536,http://aims.fao.org/aos/geopolitical.owl#populationNotes,population notes,TBA 536,
owl:DatatypeProperty,,,VO:00537,http://aims.fao.org/aos/geopolitical.owl#populationTotal,total population,TBA 537,
owl:DatatypeProperty,,,VO:00538,http://aims.fao.org/aos/geopolitical.owl#populationUnit,population unit,TBA 538,
owl:DatatypeProperty,,,VO:00539,http://aims.fao.org/aos/geopolitical.owl#populationYear,populationYear,TBA 539,
owl:DatatypeProperty,,,VO:00540,http://aims.fao.org/aos/geopolitical.owl#validSince,valid since,TBA 540,
owl:DatatypeProperty,,,VO:00541,http://aims.fao.org/aos/geopolitical.owl#validUntil,valid until,TBA 541,
owl:DatatypeProperty,,,VO:00542,http://purl.obolibrary.org/obo/ARG_0000001,is template,TBA 542,
owl:DatatypeProperty,,,VO:00543,http://purl.obolibrary.org/obo/ARG_0000015,user-defined tag,TBA 543,
owl:DatatypeProperty,,,VO:00544,http://purl.obolibrary.org/obo/ARG_0000172,patient ID,TBA 544,
owl:DatatypeProperty,,,VO:00545,http://purl.obolibrary.org/obo/ARG_0000197,health care provider ID,TBA 545,
owl:DatatypeProperty,,,VO:00546,http://purl.obolibrary.org/obo/ARG_2000012,Measurement Label,TBA 546,
owl:DatatypeProperty,,,VO:00547,http://purl.obolibrary.org/obo/ERO_0000044,inventory number,TBA 547,
owl:DatatypeProperty,,,VO:00548,http://purl.obolibrary.org/obo/ERO_0000045,has restriction,TBA 548,
owl:DatatypeProperty,,,VO:00549,http://purl.obolibrary.org/obo/ERO_0000046,has geographic restriction,TBA 549,
owl:DatatypeProperty,,,VO:00550,http://purl.obolibrary.org/obo/ERO_0000050,model number,TBA 550,
owl:DatatypeProperty,,,VO:00551,http://purl.obolibrary.org/obo/ERO_0000054,lab data format,TBA 551,
owl:DatatypeProperty,,,VO:00552,http://purl.obolibrary.org/obo/ERO_0000072,version,TBA 552,
owl:DatatypeProperty,,,VO:00553,http://purl.obolibrary.org/obo/ERO_0000424,has study population,TBA 553,
owl:DatatypeProperty,,,VO:00554,http://purl.obolibrary.org/obo/ERO_0000774,has eligibility requirement,TBA 554,
owl:DatatypeProperty,,,VO:00555,http://purl.org/ontology/bibo/abstract,abstract,TBA 555,
owl:DatatypeProperty,,,VO:00556,http://purl.org/ontology/bibo/asin,Amazon Standard Identification Number (ASIN),TBA 556,
owl:DatatypeProperty,,,VO:00557,http://purl.org/ontology/bibo/chapter,chapter number,TBA 557,
owl:DatatypeProperty,,,VO:00558,http://purl.org/ontology/bibo/coden,coden,TBA 558,
owl:DatatypeProperty,,,VO:00559,http://purl.org/ontology/bibo/doi,Digital Object Identifier (DOI),TBA 559,
owl:DatatypeProperty,,,VO:00560,http://purl.org/ontology/bibo/eanucc13,EAN International-Uniform Code Council (EAN-UCC) 13,TBA 560,
owl:DatatypeProperty,,,VO:00561,http://purl.org/ontology/bibo/edition,edition,TBA 561,
owl:DatatypeProperty,,,VO:00562,http://purl.org/ontology/bibo/eissn,Electronic International Standard Serial Number (EISSN),TBA 562,
owl:DatatypeProperty,,,VO:00563,http://purl.org/ontology/bibo/gtin14,Global Trade Item Number (GTIN-14),TBA 563,
owl:DatatypeProperty,,,VO:00564,http://purl.org/ontology/bibo/identifier,identifier,TBA 564,
owl:DatatypeProperty,,,VO:00565,http://purl.org/ontology/bibo/isbn10,International Standard Book Number (ISBN) 10,TBA 565,
owl:DatatypeProperty,,,VO:00566,http://purl.org/ontology/bibo/isbn13,International Standard Book Number (ISBN) 13,TBA 566,
owl:DatatypeProperty,,,VO:00567,http://purl.org/ontology/bibo/issn,International Standard Serial Number (ISSN),TBA 567,
owl:DatatypeProperty,,,VO:00568,http://purl.org/ontology/bibo/issue,issue,TBA 568,
owl:DatatypeProperty,,,VO:00569,http://purl.org/ontology/bibo/lccn,Library of Congress Control Number (LCCN),TBA 569,
owl:DatatypeProperty,,,VO:00570,http://purl.org/ontology/bibo/locator,locator,TBA 570,
owl:DatatypeProperty,,,VO:00571,http://purl.org/ontology/bibo/numPages,number of pages,TBA 571,
owl:DatatypeProperty,,,VO:00572,http://purl.org/ontology/bibo/number,number,TBA 572,
owl:DatatypeProperty,,,VO:00573,http://purl.org/ontology/bibo/oclcnum,Online Computer Library Center (OCLC) number,TBA 573,
owl:DatatypeProperty,,,VO:00574,http://purl.org/ontology/bibo/pageEnd,end page,TBA 574,
owl:DatatypeProperty,,,VO:00575,http://purl.org/ontology/bibo/pageStart,start page,TBA 575,
owl:DatatypeProperty,,,VO:00576,http://purl.org/ontology/bibo/pmid,PubMed ID,TBA 576,
owl:DatatypeProperty,,,VO:00577,http://purl.org/ontology/bibo/prefixName,name prefix,TBA 577,
owl:DatatypeProperty,,,VO:00578,http://purl.org/ontology/bibo/section,section,TBA 578,
owl:DatatypeProperty,,,VO:00579,http://purl.org/ontology/bibo/shortDescription,short description,TBA 579,
owl:DatatypeProperty,,,VO:00580,http://purl.org/ontology/bibo/sici,Serial Item and Contribution Identifier (SICI),TBA 580,
owl:DatatypeProperty,,,VO:00581,http://purl.org/ontology/bibo/upc,Universal Product Code (UPC),TBA 581,
owl:DatatypeProperty,,,VO:00582,http://purl.org/ontology/bibo/uri,URI,TBA 582,
owl:DatatypeProperty,,,VO:00583,http://purl.org/ontology/bibo/volume,volume,TBA 583,
owl:DatatypeProperty,,,VO:00584,http://purl.org/spar/c4o/hasGlobalCountDate,has global count date,TBA 584,
owl:DatatypeProperty,,,VO:00585,http://purl.org/spar/c4o/hasGlobalCountValue,has global count value,TBA 585,
owl:DatatypeProperty,,,VO:00586,http://purl.org/vocab/vann/preferredNamespaceUri,preferred namespace URI,TBA 586,
owl:DatatypeProperty,,,VO:00587,http://vivoweb.org/ontology/core#abbreviation,abbreviation,TBA 587,
owl:DatatypeProperty,,,VO:00588,http://vivoweb.org/ontology/core#cclCode,published US Classification Class/subclass (CCL) code,TBA 588,
owl:DatatypeProperty,,,VO:00589,http://vivoweb.org/ontology/core#contactInformation,contact information,TBA 589,
owl:DatatypeProperty,,,VO:00590,http://vivoweb.org/ontology/core#courseCredits,credits,TBA 590,
owl:DatatypeProperty,,,VO:00591,http://vivoweb.org/ontology/core#dateTime,date/time,TBA 591,
owl:DatatypeProperty,,,VO:00592,http://vivoweb.org/ontology/core#departmentOrSchool,department or school name within institution,TBA 592,
owl:DatatypeProperty,,,VO:00593,http://vivoweb.org/ontology/core#description,description,TBA 593,
owl:DatatypeProperty,,,VO:00594,http://vivoweb.org/ontology/core#eRACommonsId,eRA Commons ID,TBA 594,
owl:DatatypeProperty,,,VO:00595,http://vivoweb.org/ontology/core#entryTerm,entry term,TBA 595,
owl:DatatypeProperty,,,VO:00596,http://vivoweb.org/ontology/core#freetextKeyword,keywords,TBA 596,
owl:DatatypeProperty,,,VO:00597,http://vivoweb.org/ontology/core#grantDirectCosts,direct costs,TBA 597,
owl:DatatypeProperty,,,VO:00598,http://vivoweb.org/ontology/core#hasMonetaryAmount,has monetary amount,TBA 598,
owl:DatatypeProperty,,,VO:00599,http://vivoweb.org/ontology/core#hasValue,has value,TBA 599,
owl:DatatypeProperty,,,VO:00600,http://vivoweb.org/ontology/core#hideFromDisplay,hide from display,TBA 600,
owl:DatatypeProperty,,,VO:00601,http://vivoweb.org/ontology/core#hrJobTitle,HR job title,TBA 601,
owl:DatatypeProperty,,,VO:00602,http://vivoweb.org/ontology/core#iclCode,International Classification (ICL) code,TBA 602,
owl:DatatypeProperty,,,VO:00603,http://vivoweb.org/ontology/core#identifier,identifier,TBA 603,
owl:DatatypeProperty,,,VO:00604,http://vivoweb.org/ontology/core#isCorrespondingAuthor,Is this person a corresponding author?,TBA 604,
owl:DatatypeProperty,,,VO:00605,http://vivoweb.org/ontology/core#licenseNumber,license number,TBA 605,
owl:DatatypeProperty,,,VO:00606,http://vivoweb.org/ontology/core#localAwardId,local award ID,TBA 606,
owl:DatatypeProperty,,,VO:00607,http://vivoweb.org/ontology/core#majorField,major field of degree,TBA 607,
owl:DatatypeProperty,,,VO:00608,http://vivoweb.org/ontology/core#middleName,middle name or initial,TBA 608,
owl:DatatypeProperty,,,VO:00609,http://vivoweb.org/ontology/core#nihmsid,NIH Manuscript Submission System ID,TBA 609,
owl:DatatypeProperty,,,VO:00610,http://vivoweb.org/ontology/core#outreachOverview,outreach overview,TBA 610,
owl:DatatypeProperty,,,VO:00611,http://vivoweb.org/ontology/core#overview,overview,TBA 611,
owl:DatatypeProperty,,,VO:00612,http://vivoweb.org/ontology/core#patentNumber,patent number,TBA 612,
owl:DatatypeProperty,,,VO:00613,http://vivoweb.org/ontology/core#placeOfPublication,place of publication,TBA 613,
owl:DatatypeProperty,,,VO:00614,http://vivoweb.org/ontology/core#pmcid,PubMed Central ID,TBA 614,
owl:DatatypeProperty,,,VO:00615,http://vivoweb.org/ontology/core#preferredDisplayOrder,preferred display order,TBA 615,
owl:DatatypeProperty,,,VO:00616,http://vivoweb.org/ontology/core#rank,rank,TBA 616,
owl:DatatypeProperty,,,VO:00617,http://vivoweb.org/ontology/core#reportId,report identifier,TBA 617,
owl:DatatypeProperty,,,VO:00618,http://vivoweb.org/ontology/core#researchOverview,research overview,TBA 618,
owl:DatatypeProperty,,,VO:00619,http://vivoweb.org/ontology/core#researcherId,ISI Researcher ID,TBA 619,
owl:DatatypeProperty,,,VO:00620,http://vivoweb.org/ontology/core#scopusId,Scopus ID,TBA 620,
owl:DatatypeProperty,,,VO:00621,http://vivoweb.org/ontology/core#seatingCapacity,seating capacity,TBA 621,
owl:DatatypeProperty,,,VO:00622,http://vivoweb.org/ontology/core#sponsorAwardId,sponsor award ID,TBA 622,
owl:DatatypeProperty,,,VO:00623,http://vivoweb.org/ontology/core#supplementalInformation,supplemental information,TBA 623,
owl:DatatypeProperty,,,VO:00624,http://vivoweb.org/ontology/core#teachingOverview,teaching overview,TBA 624,
owl:DatatypeProperty,,,VO:00625,http://vivoweb.org/ontology/core#termLabel,term label,TBA 625,
owl:DatatypeProperty,,,VO:00626,http://vivoweb.org/ontology/core#termType,term type,TBA 626,
owl:DatatypeProperty,,,VO:00627,http://vivoweb.org/ontology/core#totalAwardAmount,total award amount,TBA 627,
owl:DatatypeProperty,,,VO:00628,http://vivoweb.org/ontology/scientific-research#irbNumber,Institutional Review Board (IRB) number,TBA 628,
owl:DatatypeProperty,,,VO:00629,http://vivoweb.org/ontology/scientific-research#nctId,National Clinical Trials (NCT) number,TBA 629,
owl:DatatypeProperty,,,VO:00630,http://vivoweb.org/ontology/scientific-research#studyPopulationCount,study population count,TBA 630,
owl:DatatypeProperty,,,VO:00631,http://www.w3.org/2006/vcard/ns#additionalName,additional name,TBA 631,
owl:DatatypeProperty,,,VO:00632,http://www.w3.org/2006/vcard/ns#anniversary,anniversary,TBA 632,
owl:DatatypeProperty,,,VO:00633,http://www.w3.org/2006/vcard/ns#birthdate,birthdate,TBA 633,
owl:DatatypeProperty,,,VO:00634,http://www.w3.org/2006/vcard/ns#calendarBusy,calendar busy,TBA 634,
owl:DatatypeProperty,,,VO:00635,http://www.w3.org/2006/vcard/ns#calendarLink,calendar link,TBA 635,
owl:DatatypeProperty,,,VO:00636,http://www.w3.org/2006/vcard/ns#calendarRequest,calendar request,TBA 636,
owl:DatatypeProperty,,,VO:00637,http://www.w3.org/2006/vcard/ns#category,category,TBA 637,
owl:DatatypeProperty,,,VO:00638,http://www.w3.org/2006/vcard/ns#country,country,TBA 638,
owl:DatatypeProperty,,,VO:00639,http://www.w3.org/2006/vcard/ns#email,email,TBA 639,
owl:DatatypeProperty,,,VO:00640,http://www.w3.org/2006/vcard/ns#familyName,has last name,TBA 640,
owl:DatatypeProperty,,,VO:00641,http://www.w3.org/2006/vcard/ns#formattedName,has formatted name,TBA 641,
owl:DatatypeProperty,,,VO:00642,http://www.w3.org/2006/vcard/ns#gender,gender,TBA 642,
owl:DatatypeProperty,,,VO:00643,http://www.w3.org/2006/vcard/ns#geo,geo,TBA 643,
owl:DatatypeProperty,,,VO:00644,http://www.w3.org/2006/vcard/ns#givenName,first name,TBA 644,
owl:DatatypeProperty,,,VO:00645,http://www.w3.org/2006/vcard/ns#honorificPrefix,honorific prefix,TBA 645,
owl:DatatypeProperty,,,VO:00646,http://www.w3.org/2006/vcard/ns#honorificSuffix,honorific suffix,TBA 646,
owl:DatatypeProperty,,,VO:00647,http://www.w3.org/2006/vcard/ns#instantMessage,instant message,TBA 647,
owl:DatatypeProperty,,,VO:00648,http://www.w3.org/2006/vcard/ns#key,key,TBA 648,
owl:DatatypeProperty,,,VO:00649,http://www.w3.org/2006/vcard/ns#language,has language,TBA 649,
owl:DatatypeProperty,,,VO:00650,http://www.w3.org/2006/vcard/ns#locality,locality,TBA 650,
owl:DatatypeProperty,,,VO:00651,http://www.w3.org/2006/vcard/ns#logo,logo,TBA 651,
owl:DatatypeProperty,,,VO:00652,http://www.w3.org/2006/vcard/ns#nickName,nickname,TBA 652,
owl:DatatypeProperty,,,VO:00653,http://www.w3.org/2006/vcard/ns#note,note,TBA 653,
owl:DatatypeProperty,,,VO:00654,http://www.w3.org/2006/vcard/ns#organizationName,organization name,TBA 654,
owl:DatatypeProperty,,,VO:00655,http://www.w3.org/2006/vcard/ns#organizationalUnitName,organizational unit name,TBA 655,
owl:DatatypeProperty,,,VO:00656,http://www.w3.org/2006/vcard/ns#photo,photo,TBA 656,
owl:DatatypeProperty,,,VO:00657,http://www.w3.org/2006/vcard/ns#postalCode,postal code,TBA 657,
owl:DatatypeProperty,,,VO:00658,http://www.w3.org/2006/vcard/ns#productId,product ID,TBA 658,
owl:DatatypeProperty,,,VO:00659,http://www.w3.org/2006/vcard/ns#region,region,TBA 659,
owl:DatatypeProperty,,,VO:00660,http://www.w3.org/2006/vcard/ns#related,related,TBA 660,
owl:DatatypeProperty,,,VO:00661,http://www.w3.org/2006/vcard/ns#revision,revision,TBA 661,
owl:DatatypeProperty,,,VO:00662,http://www.w3.org/2006/vcard/ns#role,role,TBA 662,
owl:DatatypeProperty,,,VO:00663,http://www.w3.org/2006/vcard/ns#sortAs,sort as,TBA 663,
owl:DatatypeProperty,,,VO:00664,http://www.w3.org/2006/vcard/ns#sound,sound,TBA 664,
owl:DatatypeProperty,,,VO:00665,http://www.w3.org/2006/vcard/ns#source,source,TBA 665,
owl:DatatypeProperty,,,VO:00666,http://www.w3.org/2006/vcard/ns#streetAddress,street address,TBA 666,
owl:DatatypeProperty,,,VO:00667,http://www.w3.org/2006/vcard/ns#telephone,Telephone,TBA 667,
owl:DatatypeProperty,,,VO:00668,http://www.w3.org/2006/vcard/ns#timeZone,timezone,TBA 668,
owl:DatatypeProperty,,,VO:00669,http://www.w3.org/2006/vcard/ns#title,title,TBA 669,
owl:DatatypeProperty,,,VO:00670,http://www.w3.org/2006/vcard/ns#uid,uid,TBA 670,
owl:DatatypeProperty,,,VO:00671,http://www.w3.org/2006/vcard/ns#url,URL,TBA 671,
owl:ObjectProperty,,,VO:00672,http://aims.fao.org/aos/geopolitical.owl#hasBorderWith,has border with,TBA 672,
owl:ObjectProperty,,,VO:00673,http://aims.fao.org/aos/geopolitical.owl#hasMember,has member country or territory,TBA 673,
owl:ObjectProperty,,,VO:00674,http://aims.fao.org/aos/geopolitical.owl#isAdministeredBy,is administered by,TBA 674,
owl:ObjectProperty,,,VO:00675,http://aims.fao.org/aos/geopolitical.owl#isInGroup,in geographic grouping,TBA 675,
owl:ObjectProperty,,,VO:00676,http://aims.fao.org/aos/geopolitical.owl#isPredecessorOf,is predecessor of,TBA 676,
owl:ObjectProperty,,,VO:00677,http://aims.fao.org/aos/geopolitical.owl#isSuccessorOf,is successor of,TBA 677,
owl:ObjectProperty,,,VO:00678,http://isf/deprecated_op,deperated object proeprty,TBA 678,
owl:ObjectProperty,,,VO:00679,http://purl.obolibrary.org/obo/ARG_2000028,has contact info,TBA 679,
owl:ObjectProperty,,,VO:00680,http://purl.obolibrary.org/obo/ARG_2000029,contact info for,TBA 680,
owl:ObjectProperty,,,VO:00681,http://purl.obolibrary.org/obo/ARG_2000390,context for,TBA 681,
owl:ObjectProperty,,,VO:00682,http://purl.obolibrary.org/obo/ARG_2000391,has context,TBA 682,
owl:ObjectProperty,,,VO:00683,http://purl.obolibrary.org/obo/ARG_2000399,has contact agent,TBA 683,
owl:ObjectProperty,,,VO:00684,http://purl.obolibrary.org/obo/BFO_0000050,part of,TBA 684,
owl:ObjectProperty,,,VO:00685,http://purl.obolibrary.org/obo/BFO_0000051,has part,TBA 685,
owl:ObjectProperty,,,VO:00686,http://purl.obolibrary.org/obo/BFO_0000054,realized in,TBA 686,
owl:ObjectProperty,,,VO:00687,http://purl.obolibrary.org/obo/BFO_0000055,realizes,TBA 687,
owl:ObjectProperty,,,VO:00688,http://purl.obolibrary.org/obo/ERO_0000029,provides access to,TBA 688,
owl:ObjectProperty,,,VO:00689,http://purl.obolibrary.org/obo/ERO_0000031,uses,TBA 689,
owl:ObjectProperty,,,VO:00690,http://purl.obolibrary.org/obo/ERO_0000033,has expertise in technique,TBA 690,
owl:ObjectProperty,,,VO:00691,http://purl.obolibrary.org/obo/ERO_0000034,manufacturer,TBA 691,
owl:ObjectProperty,,,VO:00692,http://purl.obolibrary.org/obo/ERO_0000037,contact or provider for service,TBA 692,
owl:ObjectProperty,,,VO:00693,http://purl.obolibrary.org/obo/ERO_0000038,specifies the use of,TBA 693,
owl:ObjectProperty,,,VO:00694,http://purl.obolibrary.org/obo/ERO_0000070,used by,TBA 694,
owl:ObjectProperty,,,VO:00695,http://purl.obolibrary.org/obo/ERO_0000390,service provided by,TBA 695,
owl:ObjectProperty,,,VO:00696,http://purl.obolibrary.org/obo/ERO_0000397,performs technique,TBA 696,
owl:ObjectProperty,,,VO:00697,http://purl.obolibrary.org/obo/ERO_0000398,is performed by,TBA 697,
owl:ObjectProperty,,,VO:00698,http://purl.obolibrary.org/obo/ERO_0000460,has documentation,TBA 698,
owl:ObjectProperty,,,VO:00699,http://purl.obolibrary.org/obo/ERO_0000481,realizes protocol,TBA 699,
owl:ObjectProperty,,,VO:00700,http://purl.obolibrary.org/obo/ERO_0000482,uses software,TBA 700,
owl:ObjectProperty,,,VO:00701,http://purl.obolibrary.org/obo/ERO_0000543,related technique,TBA 701,
owl:ObjectProperty,,,VO:00702,http://purl.obolibrary.org/obo/ERO_0000572,used to study,TBA 702,
owl:ObjectProperty,,,VO:00703,http://purl.obolibrary.org/obo/ERO_0000775,has residency requirement,TBA 703,
owl:ObjectProperty,,,VO:00704,http://purl.obolibrary.org/obo/ERO_0000918,related research project,TBA 704,
owl:ObjectProperty,,,VO:00705,http://purl.obolibrary.org/obo/ERO_0000919,related biological specimen,TBA 705,
owl:ObjectProperty,,,VO:00706,http://purl.obolibrary.org/obo/ERO_0001518,has phase,TBA 706,
owl:ObjectProperty,,,VO:00707,http://purl.obolibrary.org/obo/ERO_0001520,performs human study,TBA 707,
owl:ObjectProperty,,,VO:00708,http://purl.obolibrary.org/obo/ERO_0001521,performed by organization,TBA 708,
owl:ObjectProperty,,,VO:00709,http://purl.obolibrary.org/obo/IAO_0000039,has measurement unit label,TBA 709,
owl:ObjectProperty,,,VO:00710,http://purl.obolibrary.org/obo/IAO_0000136,is about,TBA 710,
owl:ObjectProperty,,,VO:00711,http://purl.obolibrary.org/obo/IAO_0000142,mentions,TBA 711,
owl:ObjectProperty,,,VO:00712,http://purl.obolibrary.org/obo/IAO_0000221,is quality measurement of,TBA 712,
owl:ObjectProperty,,,VO:00713,http://purl.obolibrary.org/obo/IAO_0000417,is quality measured as,TBA 713,
owl:ObjectProperty,,,VO:00714,http://purl.obolibrary.org/obo/OBI_0000293,has specified input,TBA 714,
owl:ObjectProperty,,,VO:00715,http://purl.obolibrary.org/obo/OBI_0000299,has specified output,TBA 715,
owl:ObjectProperty,,,VO:00716,http://purl.obolibrary.org/obo/OBI_0000304,manufactured by,TBA 716,
owl:ObjectProperty,,,VO:00717,http://purl.obolibrary.org/obo/OBI_0000312,is specified output of,TBA 717,
owl:ObjectProperty,,,VO:00718,http://purl.obolibrary.org/obo/OBI_0000417,achieves planned objective,TBA 718,
owl:ObjectProperty,,,VO:00719,http://purl.obolibrary.org/obo/OBI_0000643,has grain,TBA 719,
owl:ObjectProperty,,,VO:00720,http://purl.obolibrary.org/obo/OBI_0000833,objective achieved by,TBA 720,
owl:ObjectProperty,,,VO:00721,http://purl.obolibrary.org/obo/RO_0000052,inheres in,TBA 721,
owl:ObjectProperty,,,VO:00722,http://purl.obolibrary.org/obo/RO_0000053,bearer of,TBA 722,
owl:ObjectProperty,,,VO:00723,http://purl.obolibrary.org/obo/RO_0000056,participates in,TBA 723,
owl:ObjectProperty,,,VO:00724,http://purl.obolibrary.org/obo/RO_0000057,has participant,TBA 724,
owl:ObjectProperty,,,VO:00725,http://purl.obolibrary.org/obo/RO_0001000,derives from,TBA 725,
owl:ObjectProperty,,,VO:00726,http://purl.obolibrary.org/obo/RO_0001015,location of,TBA 726,
owl:ObjectProperty,,,VO:00727,http://purl.obolibrary.org/obo/RO_0001018,contained in,TBA 727,
owl:ObjectProperty,,,VO:00728,http://purl.obolibrary.org/obo/RO_0001019,contains,TBA 728,
owl:ObjectProperty,,,VO:00729,http://purl.obolibrary.org/obo/RO_0001025,located in,TBA 729,
owl:ObjectProperty,,,VO:00730,http://purl.obolibrary.org/obo/RO_0002220,adjacent to,TBA 730,
owl:ObjectProperty,,,VO:00731,http://purl.obolibrary.org/obo/RO_0002233,has input,TBA 731,
owl:ObjectProperty,,,VO:00732,http://purl.obolibrary.org/obo/RO_0002234,has output,TBA 732,
owl:ObjectProperty,,,VO:00733,http://purl.obolibrary.org/obo/RO_0002350,member of,TBA 733,
owl:ObjectProperty,,,VO:00734,http://purl.obolibrary.org/obo/RO_0002351,has member,TBA 734,
owl:ObjectProperty,,,VO:00735,http://purl.obolibrary.org/obo/RO_0002353,output of,TBA 735,
owl:ObjectProperty,,,VO:00736,http://purl.obolibrary.org/obo/RO_0003000,produces,TBA 736,
owl:ObjectProperty,,,VO:00737,http://purl.obolibrary.org/obo/RO_0003001,produced by,TBA 737,
owl:ObjectProperty,,,VO:00738,http://purl.org/dc/terms/contributor,contributor,TBA 738,
owl:ObjectProperty,,,VO:00739,http://purl.org/ontology/bibo/affirmedBy,affirmed by,TBA 739,
owl:ObjectProperty,,,VO:00740,http://purl.org/ontology/bibo/annotates,annotates,TBA 740,
owl:ObjectProperty,,,VO:00741,http://purl.org/ontology/bibo/citedBy,cited by,TBA 741,
owl:ObjectProperty,,,VO:00742,http://purl.org/ontology/bibo/cites,cites,TBA 742,
owl:ObjectProperty,,,VO:00743,http://purl.org/ontology/bibo/court,Court,TBA 743,
owl:ObjectProperty,,,VO:00744,http://purl.org/ontology/bibo/degree,related degree,TBA 744,
owl:ObjectProperty,,,VO:00745,http://purl.org/ontology/bibo/director,director,TBA 745,
owl:ObjectProperty,,,VO:00746,http://purl.org/ontology/bibo/distributor,distributor,TBA 746,
owl:ObjectProperty,,,VO:00747,http://purl.org/ontology/bibo/interviewee,interviewee,TBA 747,
owl:ObjectProperty,,,VO:00748,http://purl.org/ontology/bibo/interviewer,interviewer,TBA 748,
owl:ObjectProperty,,,VO:00749,http://purl.org/ontology/bibo/issuer,issuer,TBA 749,
owl:ObjectProperty,,,VO:00750,http://purl.org/ontology/bibo/performer,performer,TBA 750,
owl:ObjectProperty,,,VO:00751,http://purl.org/ontology/bibo/presentedAt,presented at event,TBA 751,
owl:ObjectProperty,,,VO:00752,http://purl.org/ontology/bibo/presents,related documents,TBA 752,
owl:ObjectProperty,,,VO:00753,http://purl.org/ontology/bibo/recipient,recipient,TBA 753,
owl:ObjectProperty,,,VO:00754,http://purl.org/ontology/bibo/reproducedIn,reproduced in,TBA 754,
owl:ObjectProperty,,,VO:00755,http://purl.org/ontology/bibo/reversedBy,reversed by,TBA 755,
owl:ObjectProperty,,,VO:00756,http://purl.org/ontology/bibo/reviewOf,review of,TBA 756,
owl:ObjectProperty,,,VO:00757,http://purl.org/ontology/bibo/status,status,TBA 757,
owl:ObjectProperty,,,VO:00758,http://purl.org/ontology/bibo/subsequentLegalDecision,subsequent legal decision,TBA 758,
owl:ObjectProperty,,,VO:00759,http://purl.org/ontology/bibo/transcriptOf,transcript of,TBA 759,
owl:ObjectProperty,,,VO:00760,http://purl.org/ontology/bibo/translationOf,translation of,TBA 760,
owl:ObjectProperty,,,VO:00761,http://purl.org/ontology/bibo/translator,translator,TBA 761,
owl:ObjectProperty,,,VO:00762,http://purl.org/spar/c4o/hasGlobalCitationFrequency,has global citation frequency,TBA 762,
owl:ObjectProperty,,,VO:00763,http://purl.org/spar/c4o/hasGlobalCountSource,has global count source,TBA 763,
owl:ObjectProperty,,,VO:00764,http://purl.org/spar/cito/citesAsDataSource,cites as data source,TBA 764,
owl:ObjectProperty,,,VO:00765,http://purl.org/spar/cito/isCitedAsDataSourceBy,is cited as data source by,TBA 765,
owl:ObjectProperty,,,VO:00766,http://vivoweb.org/ontology/core#affiliatedOrganization,has affiliated organization,TBA 766,
owl:ObjectProperty,,,VO:00767,http://vivoweb.org/ontology/core#assignedBy,assigned by,TBA 767,
owl:ObjectProperty,,,VO:00768,http://vivoweb.org/ontology/core#assignee,assignee,TBA 768,
owl:ObjectProperty,,,VO:00769,http://vivoweb.org/ontology/core#assigneeFor,assignee for patent,TBA 769,
owl:ObjectProperty,,,VO:00770,http://vivoweb.org/ontology/core#assigns,assigns,TBA 770,
owl:ObjectProperty,,,VO:00771,http://vivoweb.org/ontology/core#conceptAssociatedWith,concept for,TBA 771,
owl:ObjectProperty,,,VO:00772,http://vivoweb.org/ontology/core#confirmedOrcidId,Orcid ID confirmation,TBA 772,
owl:ObjectProperty,,,VO:00773,http://vivoweb.org/ontology/core#contributingRole,contributor,TBA 773,
owl:ObjectProperty,,,VO:00774,http://vivoweb.org/ontology/core#dateFiled,date filed,TBA 774,
owl:ObjectProperty,,,VO:00775,http://vivoweb.org/ontology/core#dateIssued,date issued,TBA 775,
owl:ObjectProperty,,,VO:00776,http://vivoweb.org/ontology/core#dateTimeInterval,date/time interval,TBA 776,
owl:ObjectProperty,,,VO:00777,http://vivoweb.org/ontology/core#dateTimePrecision,date/time precision,TBA 777,
owl:ObjectProperty,,,VO:00778,http://vivoweb.org/ontology/core#dateTimeValue,date/time value,TBA 778,
owl:ObjectProperty,,,VO:00779,http://vivoweb.org/ontology/core#degreeCandidacy,degree candidacy,TBA 779,
owl:ObjectProperty,,,VO:00780,http://vivoweb.org/ontology/core#distributes,distributes,TBA 780,
owl:ObjectProperty,,,VO:00781,http://vivoweb.org/ontology/core#distributesFundingFrom,distributes funding from,TBA 781,
owl:ObjectProperty,,,VO:00782,http://vivoweb.org/ontology/core#eligibleFor,credential eligibility attained,TBA 782,
owl:ObjectProperty,,,VO:00783,http://vivoweb.org/ontology/core#end,end,TBA 783,
owl:ObjectProperty,,,VO:00784,http://vivoweb.org/ontology/core#equipmentFor,equipment for,TBA 784,
owl:ObjectProperty,,,VO:00785,http://vivoweb.org/ontology/core#expirationDate,expiration date,TBA 785,
owl:ObjectProperty,,,VO:00786,http://vivoweb.org/ontology/core#facilityFor,facility for,TBA 786,
owl:ObjectProperty,,,VO:00787,http://vivoweb.org/ontology/core#featuredIn,featured in,TBA 787,
owl:ObjectProperty,,,VO:00788,http://vivoweb.org/ontology/core#features,features,TBA 788,
owl:ObjectProperty,,,VO:00789,http://vivoweb.org/ontology/core#fundingVehicleFor,provides funding for,TBA 789,
owl:ObjectProperty,,,VO:00790,http://vivoweb.org/ontology/core#geographicFocus,geographic focus,TBA 790,
owl:ObjectProperty,,,VO:00791,http://vivoweb.org/ontology/core#geographicFocusOf,geographic focus of,TBA 791,
owl:ObjectProperty,,,VO:00792,http://vivoweb.org/ontology/core#governingAuthorityFor,governing authority for,TBA 792,
owl:ObjectProperty,,,VO:00793,http://vivoweb.org/ontology/core#grantSubcontractedThrough,subcontracted through,TBA 793,
owl:ObjectProperty,,,VO:00794,http://vivoweb.org/ontology/core#hasAssociatedConcept,associated concept,TBA 794,
owl:ObjectProperty,,,VO:00795,http://vivoweb.org/ontology/core#hasCollaborator,has collaborator,TBA 795,
owl:ObjectProperty,,,VO:00796,http://vivoweb.org/ontology/core#hasEquipment,has equipment,TBA 796,
owl:ObjectProperty,,,VO:00797,http://vivoweb.org/ontology/core#hasFacility,has facility,TBA 797,
owl:ObjectProperty,,,VO:00798,http://vivoweb.org/ontology/core#hasFundingVehicle,funding provided via,TBA 798,
owl:ObjectProperty,,,VO:00799,http://vivoweb.org/ontology/core#hasGoverningAuthority,governing authority,TBA 799,
owl:ObjectProperty,,,VO:00800,http://vivoweb.org/ontology/core#hasPredecessorOrganization,predecessor organization,TBA 800,
owl:ObjectProperty,,,VO:00801,http://vivoweb.org/ontology/core#hasPrerequisite,has prerequisite,TBA 801,
owl:ObjectProperty,,,VO:00802,http://vivoweb.org/ontology/core#hasProceedings,proceedings,TBA 802,
owl:ObjectProperty,,,VO:00803,http://vivoweb.org/ontology/core#hasPublicationVenue,published in,TBA 803,
owl:ObjectProperty,,,VO:00804,http://vivoweb.org/ontology/core#hasResearchArea,research areas,TBA 804,
owl:ObjectProperty,,,VO:00805,http://vivoweb.org/ontology/core#hasSubjectArea,has subject area,TBA 805,
owl:ObjectProperty,,,VO:00806,http://vivoweb.org/ontology/core#hasSuccessorOrganization,successor organization,TBA 806,
owl:ObjectProperty,,,VO:00807,http://vivoweb.org/ontology/core#hasTranslation,has translation,TBA 807,
owl:ObjectProperty,,,VO:00808,http://vivoweb.org/ontology/core#informationResourceSupportedBy,supported by,TBA 808,
owl:ObjectProperty,,,VO:00809,http://vivoweb.org/ontology/core#offeredBy,offered by,TBA 809,
owl:ObjectProperty,,,VO:00810,http://vivoweb.org/ontology/core#offers,offers,TBA 810,
owl:ObjectProperty,,,VO:00811,http://vivoweb.org/ontology/core#orcidId,ORCID iD,TBA 811,
owl:ObjectProperty,,,VO:00812,http://vivoweb.org/ontology/core#prerequisiteFor,prerequisite for,TBA 812,
owl:ObjectProperty,,,VO:00813,http://vivoweb.org/ontology/core#proceedingsOf,proceedings of,TBA 813,
owl:ObjectProperty,,,VO:00814,http://vivoweb.org/ontology/core#providesFundingThrough,provides funding through,TBA 814,
owl:ObjectProperty,,,VO:00815,http://vivoweb.org/ontology/core#publicationVenueFor,publication venue for,TBA 815,
owl:ObjectProperty,,,VO:00816,http://vivoweb.org/ontology/core#publisher,publisher,TBA 816,
owl:ObjectProperty,,,VO:00817,http://vivoweb.org/ontology/core#publisherOf,publisher of,TBA 817,
owl:ObjectProperty,,,VO:00818,http://vivoweb.org/ontology/core#relatedBy,related by,TBA 818,
owl:ObjectProperty,,,VO:00819,http://vivoweb.org/ontology/core#relates,relates,TBA 819,
owl:ObjectProperty,,,VO:00820,http://vivoweb.org/ontology/core#reproduces,reproduces,TBA 820,
owl:ObjectProperty,,,VO:00821,http://vivoweb.org/ontology/core#researchAreaOf,research area of,TBA 821,
owl:ObjectProperty,,,VO:00822,http://vivoweb.org/ontology/core#reviewedIn,reviewed in,TBA 822,
owl:ObjectProperty,,,VO:00823,http://vivoweb.org/ontology/core#roleContributesTo,contributes to,TBA 823,
owl:ObjectProperty,,,VO:00824,http://vivoweb.org/ontology/core#sponsoredBy,award sponsored by,TBA 824,
owl:ObjectProperty,,,VO:00825,http://vivoweb.org/ontology/core#sponsors,sponsors award or honor,TBA 825,
owl:ObjectProperty,,,VO:00826,http://vivoweb.org/ontology/core#start,start,TBA 826,
owl:ObjectProperty,,,VO:00827,http://vivoweb.org/ontology/core#subcontractsGrant,subcontracts grant,TBA 827,
owl:ObjectProperty,,,VO:00828,http://vivoweb.org/ontology/core#subjectAreaOf,subject area of,TBA 828,
owl:ObjectProperty,,,VO:00829,http://vivoweb.org/ontology/core#supportedBy,supported by,TBA 829,
owl:ObjectProperty,,,VO:00830,http://vivoweb.org/ontology/core#supportedInformationResource,supported publications or other works,TBA 830,
owl:ObjectProperty,,,VO:00831,http://vivoweb.org/ontology/core#supports,supports,TBA 831,
owl:ObjectProperty,,,VO:00832,http://vivoweb.org/ontology/core#translatorOf,translator of,TBA 832,
owl:ObjectProperty,,,VO:00833,http://vivoweb.org/ontology/core#validIn,valid in,TBA 833,
owl:ObjectProperty,,,VO:00834,http://vivoweb.org/ontology/scientific-research#accessProvidedBy,access provided by,TBA 834,
owl:ObjectProperty,,,VO:00835,http://vivoweb.org/ontology/scientific-research#documentationFor,documentation for project or resource,TBA 835,
owl:ObjectProperty,,,VO:00836,http://vivoweb.org/ontology/scientific-research#protocolRealizedBy,protocol realized by,TBA 836,
owl:ObjectProperty,,,VO:00837,http://www.ebi.ac.uk/efo/swo/SWO_0000740,implements,TBA 837,
owl:ObjectProperty,,,VO:00838,http://www.ebi.ac.uk/efo/swo/SWO_0000741,is encoded in,TBA 838,
owl:ObjectProperty,,,VO:00839,http://www.obofoundry.org/ro/ro.owl#has_agent,has agent,TBA 839,
owl:ObjectProperty,,,VO:00840,http://www.w3.org/2002/07/owl#DeprecatedProperty,deprecated property,TBA 840,
owl:ObjectProperty,,,VO:00841,http://www.w3.org/2002/07/owl#sameAs,same as,TBA 841,
owl:ObjectProperty,,,VO:00842,http://www.w3.org/2002/07/owl#topObjectProperty,top Property,TBA 842,
owl:ObjectProperty,,,VO:00843,http://www.w3.org/2004/02/skos/core#broader,broader concept,TBA 843,
owl:ObjectProperty,,,VO:00844,http://www.w3.org/2004/02/skos/core#narrower,narrower concept,TBA 844,
owl:ObjectProperty,,,VO:00845,http://www.w3.org/2004/02/skos/core#related,related concept,TBA 845,
owl:ObjectProperty,,,VO:00846,http://www.w3.org/2006/vcard/ns#hasAddress,has address,TBA 846,
owl:ObjectProperty,,,VO:00847,http://www.w3.org/2006/vcard/ns#hasCalendarLink,has calendar link,TBA 847,
owl:ObjectProperty,,,VO:00848,http://www.w3.org/2006/vcard/ns#hasCalendarRequest,has calendar request,TBA 848,
owl:ObjectProperty,,,VO:00849,http://www.w3.org/2006/vcard/ns#hasCalenderBusy,has calendar busy,TBA 849,
owl:ObjectProperty,,,VO:00850,http://www.w3.org/2006/vcard/ns#hasCategory,has category,TBA 850,
owl:ObjectProperty,,,VO:00851,http://www.w3.org/2006/vcard/ns#hasEmail,has email,TBA 851,
owl:ObjectProperty,,,VO:00852,http://www.w3.org/2006/vcard/ns#hasFormattedName,has formatted name,TBA 852,
owl:ObjectProperty,,,VO:00853,http://www.w3.org/2006/vcard/ns#hasGeo,has geo,TBA 853,
owl:ObjectProperty,,,VO:00854,http://www.w3.org/2006/vcard/ns#hasInstantMessage,has messaging,TBA 854,
owl:ObjectProperty,,,VO:00855,http://www.w3.org/2006/vcard/ns#hasKey,has key,TBA 855,
owl:ObjectProperty,,,VO:00856,http://www.w3.org/2006/vcard/ns#hasLanguage,has language,TBA 856,
owl:ObjectProperty,,,VO:00857,http://www.w3.org/2006/vcard/ns#hasLogo,has logo,TBA 857,
owl:ObjectProperty,,,VO:00858,http://www.w3.org/2006/vcard/ns#hasMember,member,TBA 858,
owl:ObjectProperty,,,VO:00859,http://www.w3.org/2006/vcard/ns#hasName,has name,TBA 859,
owl:ObjectProperty,,,VO:00860,http://www.w3.org/2006/vcard/ns#hasNickname,has nickname,TBA 860,
owl:ObjectProperty,,,VO:00861,http://www.w3.org/2006/vcard/ns#hasNote,has note,TBA 861,
owl:ObjectProperty,,,VO:00862,http://www.w3.org/2006/vcard/ns#hasOrganizationName,has organization name,TBA 862,
owl:ObjectProperty,,,VO:00863,http://www.w3.org/2006/vcard/ns#hasOrganizationalUnitName,has organizational unit name,TBA 863,
owl:ObjectProperty,,,VO:00864,http://www.w3.org/2006/vcard/ns#hasPhoto,has photo,TBA 864,
owl:ObjectProperty,,,VO:00865,http://www.w3.org/2006/vcard/ns#hasRelated,has related,TBA 865,
owl:ObjectProperty,,,VO:00866,http://www.w3.org/2006/vcard/ns#hasSound,has sound,TBA 866,
owl:ObjectProperty,,,VO:00867,http://www.w3.org/2006/vcard/ns#hasTelephone,has telephone,TBA 867,
owl:ObjectProperty,,,VO:00868,http://www.w3.org/2006/vcard/ns#hasTimeZone,has time zone,TBA 868,
owl:ObjectProperty,,,VO:00869,http://www.w3.org/2006/vcard/ns#hasTitle,has title,TBA 869,
owl:ObjectProperty,,,VO:00870,http://www.w3.org/2006/vcard/ns#hasURL,has URL,TBA 870,